prate,mrate,totpart,totelg,age,totemp,sole,ltotemp
26.1,.20999999,1653,6322,8,8709,0,9.0721121
100,1.42,262,262,6,315,1,5.7525725
97.599998,.91000003,166,170,10,275,1,5.6167712
100,.41999999,257,257,7,500,0,6.2146082
82.5,.52999997,591,716,28,933,1,6.8384051
100,1.8200001,92,92,7,143,1,4.9628448
100,.52999997,399,399,31,628,1,6.4425402
92.5,.34,210,227,13,823,0,6.7129564
100,.22,234,234,21,279,1,5.6312118
96.800003,.60000002,120,124,10,141,1,4.94876
83,.5,156,188,5,252,0,5.529429
100,1.11,187,187,20,237,1,5.46806
65.5,.43000001,350,534,5,681,1,6.5235624
84.900002,.50999999,1519,1790,10,2557,0,7.84659
100,.19,150,150,7,187,1,5.2311087
100,.41,160,160,7,188,1,5.2364421
100,.83999997,3448,3448,13,4120,0,8.3236084
77.599998,.46000001,225,290,15,341,0,5.8318825
100,.44999999,519,519,15,598,0,6.3935909
100,1.13,176,176,8,273,1,5.6094718
66.900002,.47999999,79,118,5,224,1,5.4116459
100,.38999999,270,270,7,415,0,6.0282784
70.300003,.20999999,201,286,7,361,0,5.8888779
100,.94999999,381,381,23,422,0,6.0450053
51.299999,.34,284,554,9,797,1,6.6808548
61.299999,.36000001,171,279,15,2102,1,7.6506448
88.300003,.95999998,3858,4371,28,4371,0,8.3827467
100,.87,143,143,8,143,1,4.9628448
82.900002,4.1999998,107,129,7,131,1,4.8751974
77.800003,.079999998,770,990,6,1042,0,6.9488974
100,.91000003,179,179,6,312,1,5.7430034
90.099998,.44,2803,3110,6,3543,0,8.1727295
85.300003,.62,93,109,13,158,0,5.0625949
100,.28,425,425,7,458,0,6.1268692
100,.58999997,2027,2027,7,2442,0,7.8005729
75.599998,.30000001,438,579,11,1721,0,7.4506607
100,.56,584,584,7,685,1,6.5294189
100,.64999998,1284,1284,5,1559,0,7.3518
100,1.3099999,109,109,37,297,1,5.6937323
78.199997,.20999999,1017,1301,7,2125,0,7.6615272
77.400002,.41,209,270,7,381,1,5.9427996
100,.23,145,145,6,405,0,6.0038872
77,.41,612,795,12,1125,0,7.0255384
100,2.03,133,133,35,206,1,5.3278761
98.900002,.51999998,275,278,42,297,0,5.6937323
75.300003,.38999999,192,255,6,1024,0,6.9314718
77.199997,.16,464,601,6,636,0,6.4551988
100,.99000001,542,542,9,622,0,6.43294
88.5,.1,3107,3510,5,6428,0,8.7684183
100,.02,732,732,7,2284,0,7.7336836
100,.88,173,173,7,322,1,5.7745514
42.5,.28999999,316,744,37,775,0,6.652863
100,.13,122,122,11,157,1,5.0562458
100,1.59,390,390,32,446,0,6.1003189
74.699997,.57999998,2307,3089,36,4067,1,8.3106613
37.5,.28999999,1136,3033,6,3351,0,8.1170139
78,.14,2332,2990,9,9080,1,9.1138296
84,.64999998,905,1078,31,1253,1,7.133296
100,2.3900001,179,179,6,179,1,5.187386
100,1.14,307,307,20,411,1,6.0185933
84.900002,.41,686,808,7,1404,1,7.2470808
79.5,.22,1634,2055,5,2304,0,7.7424021
100,.44999999,118,118,5,149,1,5.0039463
100,1.1,337,337,14,720,1,6.5792513
95.800003,.63,113,118,6,130,0,4.8675346
99.300003,.49000001,599,603,28,665,0,6.4997869
81.199997,.15000001,108,133,7,231,1,5.4424176
93.599998,.11,162,173,27,211,1,5.3518581
88.099998,.23999999,222,252,8,425,1,6.0520892
100,.64999998,150,150,16,198,1,5.2882671
100,1.35,285,285,10,287,0,5.659482
100,.2,2311,2311,5,3062,0,8.026824
81,.18000001,102,126,27,151,1,5.0172796
100,1.17,101,101,8,247,0,5.5093884
73.800003,1.12,357,484,20,24656,1,10.112776
65.699997,.15000001,334,508,6,808,0,6.694562
94.900002,1.66,1330,1402,27,2437,0,7.7985229
38.099998,.2,69,181,6,529,1,6.2709885
91.900002,.2,148,161,11,575,0,6.3543701
35.599998,.19,678,1904,9,5102,0,8.5373878
71.900002,.22,1252,1741,5,2896,0,7.9710855
77.400002,2.24,212,274,6,379,0,5.9375362
100,.62,163,163,11,253,1,5.5333896
93.199997,.44,1915,2054,8,3400,1,8.1315308
84.599998,.44,312,369,7,591,0,6.3818159
90.300003,.47,940,1041,8,1102,0,7.0048819
73,.12,92,126,8,138,1,4.9272537
86.300003,.44,320,371,7,482,0,6.1779442
95.599998,.44,259,271,7,3661,1,8.205492
80.5,4.6599998,24772,30767,16,31973,0,10.372647
65.599998,.25999999,80,122,7,306,1,5.7235851
37.700001,.34999999,251,665,8,1395,0,7.2406497
78.400002,.23,254,324,6,391,0,5.9687076
61.700001,.23,463,750,10,926,1,6.8308744
58.700001,.25,2371,4039,14,4838,0,8.4842567
81.099998,.41,189,233,8,424,1,6.0497336
100,.69,427,427,10,3209,1,8.0737143
58.400002,.34,108,185,5,273,1,5.6094718
34.200001,.20999999,230,672,5,798,1,6.6821084
100,1.1,381,381,7,478,1,6.1696105
100,.50999999,203,203,9,597,1,6.3919172
96,.5,25828,26906,23,93165,0,11.442127
100,.23,753,753,7,945,1,6.8511848
100,.89999998,934,934,7,989,0,6.8966942
100,.83999997,595,595,5,3076,0,8.0313854
100,1.0700001,801,801,7,8546,0,9.0532188
76.400002,.44,1794,2347,8,4230,1,8.3499575
100,.34999999,202,202,6,267,1,5.5872488
92.699997,.31999999,127,137,7,162,0,5.0875964
56.700001,.28999999,161,284,8,1588,0,7.3702307
100,1.99,208,208,6,208,1,5.3375382
78.699997,.13,207,263,7,359,1,5.8833222
74.099998,.43000001,235,317,6,949,1,6.8554087
45.5,.07,276,606,7,710,1,6.5652652
87.400002,.33000001,188,215,8,1162,1,7.057898
100,.94,156,156,7,1249,1,7.1300983
86.400002,.37,10149,11753,5,15602,0,9.6551542
64.599998,.37,148,229,13,4228,1,8.3494844
93,1,251,270,10,996,1,6.9037471
89.5,.52999997,213,238,15,377,1,5.9322453
100,1.6,580,580,33,889,1,6.7900972
100,2.4000001,154,154,40,199,1,5.2933049
100,.75999999,416,416,24,435,1,6.075346
68.599998,.44999999,177,258,18,301,0,5.7071104
63.299999,.28,927,1465,8,2468,0,7.8111634
100,.69999999,1147,1147,25,2174,1,7.6843243
89.599998,.38,7843,8756,19,19871,0,9.8970165
88.800003,.40000001,4402,4956,10,19871,0,9.8970165
58.599998,.18000001,184,314,7,644,0,6.4676986
100,1.0700001,356,356,6,593,1,6.3851943
100,.2,3701,3701,33,6769,0,8.8201084
100,.62,241,241,7,373,1,5.9215784
56.200001,.18000001,406,723,6,1035,0,6.9421568
100,.85000002,122,122,35,196,1,5.2781148
61.799999,.44999999,792,1281,6,1843,0,7.5191498
75.699997,.30000001,184,243,7,271,0,5.602119
100,.38999999,104,104,27,207,1,5.3327188
100,.47,2014,2014,8,3511,0,8.1636562
100,.11,114,114,7,134,1,4.89784
100,.82999998,206,206,31,290,1,5.6698809
61.200001,.74000001,8322,13591,7,17986,0,9.797349
100,1.15,411,411,26,690,1,6.5366917
100,.60000002,556,556,16,891,0,6.7923446
100,.18000001,125,125,5,204,0,5.31812
68,.25,385,566,5,879,0,6.7787848
79.800003,.36000001,285,357,6,639,0,6.4599047
59.400002,.30000001,368,620,5,903,0,6.8057227
100,1.41,149,149,8,250,1,5.521461
61.599998,.2,178,289,8,599,0,6.3952618
81,.77999997,328,405,20,609,0,6.4118185
33.5,.46000001,85,254,9,425,1,6.0520892
65.099998,.11,10327,15857,8,41926,0,10.643661
100,1.08,277,277,26,465,1,6.1420374
83.699997,.31,1626,1943,24,2364,0,7.7681103
89.800003,.17,115,128,7,225,0,5.4161005
100,.38,174,174,7,545,1,6.300786
75.800003,.25999999,424,559,7,780,0,6.6592941
66.599998,.15000001,702,1054,9,1145,0,7.04316
85.099998,.1,549,645,29,1053,1,6.9593987
100,.52999997,231,231,5,278,0,5.6276212
100,.81999999,148,148,5,189,1,5.2417469
90.5,.44,344,380,19,479,1,6.1717005
100,.99000001,76,76,7,4198,1,8.3423634
67.599998,.76999998,583,863,8,978,0,6.8855095
100,4.0599999,343,343,7,3290,1,8.0986433
75,.2,645,860,11,1015,0,6.9226437
100,.74000001,250,250,25,441,1,6.089045
89.900002,.38999999,116,129,7,177,0,5.1761498
100,.43000001,596,596,11,781,1,6.6605749
100,.13,412,412,8,412,0,6.0210233
100,.20999999,235,235,20,768,0,6.6437898
66.900002,.68000001,113,169,5,176,1,5.1704841
89.300003,.52999997,536,600,18,790,1,6.6720328
100,1.9,126,126,15,750,1,6.6200733
81.5,.83999997,4432,5440,8,10683,0,9.2764091
80.900002,.41999999,5138,6353,13,7428,0,8.9130116
87.599998,.63,99,113,20,154,1,5.0369525
77,.55000001,151,196,12,221,0,5.3981628
99.5,.95999998,219,220,7,256,1,5.5451775
97.699997,.51999998,213,218,6,250,1,5.521461
100,4.3099999,292,292,23,429,0,6.0614572
100,1.27,165,165,5,214,1,5.3659759
58.799999,.31999999,1096,1864,9,8470,0,9.0442858
100,.56,293,293,6,412,1,6.0210233
100,.28999999,65,65,20,118,1,4.7706847
93.099998,.56999999,511,549,9,584,1,6.3699012
100,1.27,165,165,13,207,1,5.3327188
100,.34999999,175,175,19,207,1,5.3327188
100,.38,146,146,5,192,1,5.2574954
100,.66000003,121,121,19,207,0,5.3327188
56.400002,.2,472,837,12,1522,1,7.3277807
87.300003,.28,1832,2098,10,3450,1,8.1461296
100,.67000002,249,249,16,764,1,6.6385679
22.1,.11,166,752,7,3537,1,8.1710339
48.599998,.19,402,828,5,1200,0,7.0900769
100,.5,166,166,7,247,1,5.5093884
65.099998,.63,3205,4926,10,31859,0,10.369075
100,.47,534,534,7,860,1,6.7569323
83.400002,.44,2495,2991,32,5277,0,8.5711126
100,.77999997,152,152,11,389,1,5.9635792
100,.47,198,198,8,308,1,5.7300997
55.700001,.2,141,253,6,307,0,5.7268476
100,.43000001,215,215,8,600,1,6.3969297
100,1.8,139,139,12,204,1,5.31812
100,1.24,360,360,8,783,1,6.6631327
100,3.1600001,247,247,11,268,1,5.5909872
55.099998,.20999999,102,185,7,237,1,5.46806
100,1.25,99,99,9,151,0,5.0172796
71.400002,.62,267,374,5,416,1,6.0306854
78.300003,.5,382,488,7,654,1,6.4831076
100,.50999999,574,574,13,831,1,6.72263
100,.76999998,306,306,11,545,1,6.300786
100,.40000001,3030,3030,6,4075,0,8.3126259
99.099998,.28,111,112,11,144,1,4.9698133
100,1.02,560,560,8,2409,0,7.7869668
78.5,.34,197,251,9,264,1,5.5759492
64.900002,.47,181,279,5,309,1,5.7333412
77.5,.60000002,110,142,7,190,1,5.2470241
58.599998,.37,140,239,7,695,0,6.5439119
100,.19,142,142,5,171,1,5.1416636
80,.2,557,696,6,889,0,6.7900972
100,.47,409,409,6,796,1,6.6795993
100,.69,161,161,5,323,1,5.7776523
100,1.23,265,265,6,265,1,5.57973
42.099998,.19,1217,2892,6,5036,0,8.5243673
100,2.8900001,247,247,8,333,1,5.8081427
73.400002,.40000001,91,124,5,173,1,5.1532917
77.5,.1,179,231,5,409,1,6.0137153
100,.55000001,852,852,5,852,1,6.7475867
59.099998,.41999999,272,460,8,1521,1,7.3271232
75.300003,.47,440,584,6,753,1,6.6240654
92.199997,.62,379,411,17,468,1,6.1484685
82.599998,.63999999,176,213,30,254,0,5.5373344
89.800003,.23,132,147,24,540,0,6.2915692
95.300003,.41,123,129,5,491,0,6.196444
47.299999,.41999999,156,330,7,384,0,5.9506426
78.599998,.2,971,1236,5,4195,0,8.3416491
75.5,.23999999,880,1165,20,1306,0,7.1747241
100,.81999999,470,470,16,569,0,6.3438807
90.699997,.40000001,165,182,10,268,0,5.5909872
97.199997,.23999999,106,109,10,124,0,4.8202815
60.599998,.19,197,325,6,975,1,6.8824377
87.099998,.23,546,627,6,694,0,6.5424719
100,.95999998,93,93,15,104,1,4.6443911
79,.16,454,575,8,880,0,6.779922
100,1.7,257,257,7,307,1,5.7268476
100,.69999999,213,213,7,720,1,6.5792513
100,.67000002,104,104,7,116,1,4.7535901
48.599998,.47,134,276,6,287,1,5.659482
100,1.34,115,115,23,194,1,5.267858
100,1.02,123,123,15,244,1,5.4971681
92.699997,.22,102,110,9,174,1,5.1590552
100,2.5999999,132,132,20,205,1,5.32301
100,.17,163,163,23,394,0,5.9763508
100,1.3200001,119,119,8,244,1,5.4971681
68.699997,.07,572,833,22,833,0,6.7250338
100,1.33,156,156,23,227,0,5.4249501
100,1.4400001,97,97,16,306,1,5.7235851
100,1.23,2097,2097,10,2868,0,7.96137
100,2.3399999,138,138,5,237,1,5.46806
100,2.6199999,51200,51200,17,51200,1,10.843494
100,.38999999,136,136,14,334,1,5.811141
100,1.4299999,210,210,8,256,1,5.5451775
100,.050000001,234,234,17,1107,1,7.009409
100,4.6399999,114,114,6,185,1,5.220356
100,.25999999,161,161,6,737,0,6.6025877
100,2.51,244,244,5,244,1,5.4971681
100,.63999999,355,355,5,440,0,6.0867748
100,.88,403,403,5,437,0,6.0799332
100,1.3,203,203,8,253,1,5.5333896
100,.58999997,159,159,5,183,1,5.209486
94.5,.28999999,596,631,7,631,0,6.4473057
100,.51999998,257,257,7,259,1,5.556828
100,.17,2972,2972,6,4197,0,8.3421249
100,.47,389,389,5,531,1,6.2747622
78,.56,568,728,12,3924,0,8.2748671
88.5,.43000001,1899,2146,6,2153,0,7.6746173
100,.15000001,261,261,7,739,0,6.605298
99.900002,.36000001,847,848,8,976,1,6.8834624
100,.37,637,637,22,751,0,6.6214056
100,.2,100,100,5,147,1,4.9904327
75.699997,.22,2572,3399,9,14204,0,9.5612793
100,1.66,224,224,21,332,0,5.8051348
66.599998,.37,251,377,7,1524,0,7.3290939
75.900002,.41999999,472,622,7,812,0,6.6995006
93.800003,.2,105,112,6,142,0,4.9558272
86.599998,.11,596,688,10,919,0,6.8232861
100,1.0700001,103,103,9,106,1,4.6634393
100,.37,437,437,7,446,0,6.1003189
100,.73000002,616,616,7,639,1,6.4599047
64.900002,.41999999,96,148,20,225,1,5.4161005
100,2.53,134,134,9,191,1,5.2522736
100,.30000001,2851,2851,7,4044,0,8.3049898
100,.38999999,381,381,7,561,0,6.329721
75.300003,.43000001,290,385,24,1108,0,7.0103121
96.800003,.18000001,274,283,8,315,0,5.7525725
100,.28999999,433,433,9,471,0,6.1548581
49.599998,1.45,137,276,11,328,0,5.7930136
42.400002,.63999999,772,1821,8,2048,0,7.624619
100,.25,182,182,21,635,1,6.4536252
100,.63,214,214,20,268,0,5.5909872
100,.31999999,249,249,7,308,1,5.7300997
83.699997,.15000001,431,515,15,600,0,6.3969297
83.5,.67000002,71,85,6,101,1,4.6151204
85.099998,.23,131,154,4,285,1,5.6524892
80.599998,.41999999,1409,1748,14,3138,0,8.0513411
100,.029999999,255,255,25,266,0,5.5834961
100,.87,126,126,7,233,1,5.4510384
77.400002,.22,702,907,6,1334,0,7.1959372
82.5,3.99,2492,3022,9,3904,0,8.2697573
100,1.11,4252,4252,33,4483,0,8.4080477
100,.090000004,483,483,9,546,1,6.302619
48.799999,.23,690,1413,5,4100,1,8.3187418
100,.079999998,105,105,5,156,1,5.0498562
73.5,.31,186,253,13,260,0,5.5606818
100,.68000001,1051,1051,5,1094,0,6.9975958
82,.41,937,1142,28,6179,0,8.7289114
100,.80000001,547,547,20,869,1,6.767343
77.199997,.74000001,982,1272,10,1719,0,7.4494982
100,1.42,104,104,8,141,1,4.94876
90.699997,.36000001,411,453,5,1380,1,7.2298388
100,.88999999,1275,1275,8,2473,1,7.8131871
83.599998,.20999999,138,165,7,1990,1,7.59589
100,1.09,252,252,7,254,0,5.5373344
46.900002,.25,345,736,7,1131,1,7.0308576
91.199997,.67000002,198,217,9,313,0,5.7462034
76.5,.47,297,388,5,703,0,6.555357
72.300003,.46000001,427,591,8,663,1,6.4967752
96.5,.72000003,245,254,9,348,1,5.8522024
82.199997,.27000001,245,298,7,469,1,6.1506028
100,.44,87,87,16,117,0,4.7621741
100,1.58,123,123,10,123,1,4.8121843
100,.33000001,109,109,7,161,1,5.0814042
100,.92000002,108,108,7,278,1,5.6276212
100,.70999998,174,174,7,241,1,5.484797
100,.55000001,460,460,5,705,1,6.558198
100,2.1800001,826,826,7,2262,1,7.7240047
100,.37,246,246,6,309,0,5.7333412
89.400002,1.4,152,170,6,181,1,5.1984968
100,1.48,129,129,7,795,1,6.6783423
96,2,753,784,16,1003,0,6.9107509
100,.81999999,380,380,6,1929,0,7.5647569
100,3.8099999,1989,1989,6,3924,0,8.2748671
100,.41999999,155,155,8,210,1,5.3471074
100,.52999997,93,93,9,262,1,5.5683446
100,1.0700001,892,892,16,1334,1,7.1959372
100,.97000003,884,884,39,1191,0,7.0825486
97.400002,.5,518,532,35,1922,0,7.5611215
100,.49000001,1320,1320,7,1888,0,7.5432734
93.699997,.36000001,699,746,7,1011,0,6.9186954
74,.23999999,1232,1664,6,3733,1,8.224967
91.599998,.75,536,585,5,894,0,6.7957058
100,.25,262,262,6,305,0,5.7203116
98.599998,.37,207,210,21,312,1,5.7430034
77.900002,.37,1170,1501,6,1782,0,7.4854918
92.300003,.73000002,322,349,37,492,1,6.1984787
100,.41,634,634,7,2839,0,7.9512072
100,2,188,188,29,283,1,5.6454468
100,.38999999,178,178,36,178,1,5.1817837
91.699997,.11,210,229,29,783,1,6.6631327
99.800003,1.54,475,476,16,681,1,6.5235624
98.699997,1.23,155,157,16,231,1,5.4424176
100,1.46,971,971,8,12210,1,9.4100103
59.799999,.25999999,974,1629,9,1826,1,7.5098829
100,.88999999,908,908,14,995,0,6.9027429
21,.17,2577,12291,24,20928,0,9.948843
100,.22,251,251,22,363,1,5.894403
100,.12,131,131,9,922,1,6.8265452
78,.17,213,273,5,287,1,5.659482
72,.22,683,949,7,2977,0,7.9986715
100,.23999999,114,114,6,247,1,5.5093884
90.800003,1.27,128,141,6,141,1,4.94876
100,1.03,102,102,9,119,1,4.7791233
100,3.45,212,212,6,232,1,5.4467373
100,1.99,190,190,8,211,1,5.3518581
73.699997,.34999999,168,228,7,349,1,5.855072
100,1.6799999,555,555,18,2691,1,7.8976684
100,.14,1655,1655,6,2555,0,7.8458076
100,.33000001,148,148,5,233,1,5.4510384
100,.1,105,105,7,105,1,4.6539602
76.300003,.30000001,161,211,8,856,0,6.7522702
54.099998,.22,482,891,6,3277,0,8.0946836
76.5,.25,127,166,5,225,0,5.4161005
95.199997,.51999998,99,104,6,317,1,5.7589016
92,.059999999,613,666,15,1368,0,7.2211051
100,.50999999,284,284,6,340,0,5.8289456
100,.87,183,183,9,221,1,5.3981628
74.400002,.18000001,232,312,7,925,0,6.8297939
48.900002,.0099999998,116,237,7,2114,1,7.6563373
100,1.7,231,231,8,231,1,5.4424176
100,1.87,333,333,6,1687,1,7.430707
100,.52999997,201,201,7,607,1,6.4085288
32.5,.23,50,154,6,173,1,5.1532917
59.200001,.2,177,299,34,404,0,6.0014148
100,.50999999,340,340,27,399,0,5.9889612
100,2.45,143,143,23,207,0,5.3327188
74.5,1.65,602,808,8,1116,0,7.0175061
100,.33000001,2325,2325,21,5158,1,8.5483046
87.800003,.46000001,201,229,8,511,0,6.2363696
73.699997,.66000003,435,590,10,831,0,6.72263
87.099998,.56,1169,1342,10,1706,0,7.4419069
75.199997,.30000001,465,618,19,673,0,6.5117455
99,.62,104,105,10,117,1,4.7621741
100,.38999999,213,213,14,848,0,6.7428808
89.800003,.43000001,202,225,6,570,1,6.3456364
81,.36000001,383,473,22,623,1,6.4345465
63.700001,.40000001,135,212,5,274,1,5.6131282
100,1.15,1691,1691,7,2465,0,7.809947
100,.28,651,651,21,741,1,6.6080008
100,1.1,238,238,17,266,1,5.5834961
100,.1,384,384,7,798,0,6.6821084
100,.20999999,232,232,7,396,0,5.9814143
100,1.41,317,317,15,1331,1,7.193686
100,.98000002,327,327,7,640,1,6.4614682
100,.43000001,250,250,5,533,1,6.2785215
95.900002,.72000003,844,880,8,1040,1,6.9469762
100,.52999997,172,172,8,233,0,5.4510384
80.699997,.69,384,476,6,626,1,6.4393506
96.300003,.22,363,377,5,658,1,6.4892049
95.699997,1.76,179,187,6,1241,0,7.123673
100,1.26,108,108,9,185,1,5.220356
83.900002,.34,302,360,8,731,0,6.5944133
100,.28,558,558,6,1939,1,7.5699277
61.200001,.38999999,161,263,7,364,0,5.8971539
100,.20999999,252,252,5,278,0,5.6276212
98.099998,1.35,259,264,9,316,0,5.7557421
75.300003,.62,731,971,11,1142,0,7.0405364
100,4.3600001,109,109,29,139,1,4.934474
99.099998,.47999999,108,109,10,117,1,4.7621741
38.700001,.51999998,118,305,7,341,1,5.8318825
84.5,.81,163,193,14,323,1,5.7776523
74,.22,344,465,7,913,0,6.8167357
100,.039999999,125,125,8,185,1,5.220356
100,.029999999,220,220,6,412,0,6.0210233
96.099998,.67000002,442,460,24,1175,1,7.0690236
100,2.1099999,1960,1960,12,5155,1,8.5477228
92.300003,.44,192,208,7,223,0,5.4071717
100,1,11008,11008,27,31886,0,10.369923
94.400002,.69,168,178,10,364,1,5.8971539
39.400002,.27000001,263,667,5,944,0,6.8501263
96.199997,.31999999,254,264,7,1697,0,7.4366174
100,.19,552,552,16,999,0,6.906755
73.900002,.60000002,266,360,16,516,1,6.2461066
89,.46000001,938,1054,36,1064,0,6.9697905
100,.47,1174,1174,6,1380,0,7.2298388
99.900002,.82999998,3655,3659,15,3725,0,8.2228222
59.099998,1.12,198,335,36,411,0,6.0185933
68.5,.44999999,304,444,6,505,0,6.2245584
89.900002,.47,402,447,6,561,0,6.329721
88,.18000001,191,217,7,302,1,5.7104268
92.900002,.76999998,105,113,11,180,1,5.1929569
100,.79000002,3333,3333,7,5062,0,8.5295172
100,.12,269,269,8,340,1,5.8289456
85.099998,.41999999,114,134,7,144,0,4.9698133
100,1.87,938,938,7,1652,0,7.4097419
100,.41,198,198,5,244,0,5.4971681
100,.73000002,3941,3941,24,5349,1,8.5846653
59,.87,1136,1926,35,3566,0,8.1792002
97.800003,.57999998,616,630,15,630,0,6.4457197
78.800003,.81999999,215,273,5,358,0,5.8805332
65.5,.41,116,177,7,191,0,5.2522736
92.900002,.82999998,117,126,13,208,1,5.3375382
85.599998,.16,255,298,7,63681,1,11.061642
66.599998,.49000001,613,920,6,4628,1,8.4398804
83.699997,.30000001,642,767,26,2617,0,7.8697839
87.400002,.44999999,118,135,7,212,0,5.3565865
100,.059999999,667,667,7,737,0,6.6025877
100,.97000003,110,110,19,111,1,4.7095304
85.5,.67000002,2294,2683,10,2683,0,7.894691
39.599998,.25999999,593,1498,6,1580,0,7.36518
66.599998,.69,383,575,16,626,1,6.4393506
64.599998,.15000001,73,113,5,201,1,5.3033047
98.900002,.47999999,1397,1413,11,1877,1,7.5374298
100,1.54,597,597,20,642,0,6.4645882
100,.40000001,198,198,19,279,0,5.6312118
92.5,.23,2091,2261,6,2442,0,7.8005729
95.599998,.56999999,2177,2278,7,2309,0,7.7445698
100,.81,99,99,5,100,1,4.6051702
97.699997,.63,171,175,8,232,1,5.4467373
88.099998,2,297,337,7,395,0,5.9788857
100,.16,100,100,19,121,1,4.7957907
100,1.21,300,300,7,5928,1,8.6874418
74.599998,.38999999,209,280,22,294,0,5.6835799
76.5,.80000001,1823,2383,6,3374,0,8.1238546
99,1.48,197,199,5,219,1,5.3890719
100,.57999998,4066,4066,7,5800,0,8.6656132
72.800003,.51999998,209,287,13,291,1,5.6733232
93,.49000001,239,257,19,257,1,5.5490761
100,.93000001,96,96,8,121,1,4.7957907
100,.43000001,686,686,7,821,0,6.7105231
100,.55000001,12060,12060,48,43436,0,10.679044
85.699997,.14,240,280,16,511,1,6.2363696
100,.5,6524,6524,16,7373,0,8.9055796
100,.91000003,239,239,6,428,1,6.059123
73.199997,.89999998,235,321,9,321,0,5.771441
97.800003,.47999999,3649,3731,10,3742,0,8.227375
87.699997,.73000002,1808,2061,36,2136,0,7.6666903
43.099998,.41999999,889,2061,8,2136,0,7.6666903
100,.41,381,381,16,403,0,5.9989367
81.099998,2.21,13635,16812,39,21524,0,9.9769239
85.5,.44,189,221,8,714,1,6.5708828
72.900002,.22,164,225,14,225,0,5.4161005
91,.12,352,387,7,599,0,6.3952618
100,.16,106,106,18,156,1,5.0498562
94,1,249,265,31,359,1,5.8833222
100,1.77,366,366,8,427,1,6.0567842
77.300003,.75,2171,2807,25,3929,0,8.2761402
78.5,.61000001,175,223,7,3929,0,8.2761402
56.299999,.31,426,756,16,834,1,6.7262335
89.699997,.68000001,87,97,24,115,0,4.7449322
92.199997,.31,341,370,31,419,1,6.0378709
100,.38999999,535,535,12,1649,0,7.4079242
100,.46000001,642,642,8,1521,0,7.3271232
70.699997,.56999999,289,409,8,737,0,6.6025877
100,.039999999,178,178,33,199,1,5.2933049
65,.55000001,748,1150,18,1198,0,7.0884089
75.699997,.33000001,1212,1601,5,1765,0,7.4759059
100,.029999999,6925,6925,8,8291,0,9.0229263
71.699997,.95999998,104,145,7,291,1,5.6733232
91.599998,2.0899999,120,131,5,195,1,5.2729998
100,.34,236,236,11,258,0,5.5529594
57.799999,.039999999,63,109,8,355,1,5.872118
84.199997,.22,218,259,19,2843,1,7.9526153
94.199997,1.03,114,121,7,141,1,4.94876
95,.66000003,1088,1145,25,1352,0,7.2093401
100,2.79,134,134,23,147,1,4.9904327
19.299999,.54000002,51,264,25,290,0,5.6698809
86.099998,.60000002,118,137,20,160,0,5.0751739
82,.17,273,333,7,456,0,6.1224928
68.800003,.56999999,106,154,6,252,0,5.529429
83.199997,.17,129,155,7,199,1,5.2933049
85.199997,.88,167,196,13,271,1,5.602119
100,.82999998,1152,1152,7,5064,0,8.529912
100,.44,143,143,12,184,0,5.2149358
77.199997,.56999999,700,907,7,1324,1,7.1884127
77.300003,.92000002,279,361,8,441,0,6.089045
100,1.37,125,125,13,259,1,5.556828
95,.75,680,716,7,716,0,6.5736804
99.599998,.40000001,222,223,9,553,1,6.3153582
74.699997,.77999997,148,198,7,249,1,5.5174527
75.900002,.97000003,82,108,12,146,0,4.9836068
81.300003,.38,61,75,5,219,1,5.3890719
91.400002,1.12,1564,1711,5,3480,0,8.154788
100,.039999999,281,281,9,369,0,5.9107966
70.599998,.17,89,126,6,202,1,5.3082676
100,.38999999,376,376,7,1100,1,7.0030656
80.900002,.15000001,933,1153,8,1337,0,7.1981835
88.800003,.64999998,1154,1300,8,1792,0,7.4910874
100,.79000002,285,285,7,372,1,5.9188938
100,.059999999,208,208,7,250,1,5.521461
100,1.6900001,2074,2074,13,2358,0,7.7655692
47.700001,.31999999,145,304,5,305,0,5.7203116
100,1.65,768,768,10,1177,0,7.070724
60.099998,.090000004,196,326,7,369,0,5.9107966
67.300003,.69,230,342,24,410,1,6.0161572
100,.029999999,15107,15107,33,43436,1,10.679044
100,.36000001,1544,1544,18,5356,0,8.5859728
82.5,.23,680,824,8,5356,0,8.5859728
100,3.3900001,171,171,14,187,1,5.2311087
87.199997,.44,3994,4578,35,4886,0,8.4941292
80.099998,.41999999,1069,1335,33,1997,0,7.5994015
95,.37,113,119,31,145,0,4.9767337
100,.67000002,518,518,6,628,0,6.4425402
100,.83999997,216,216,13,217,0,5.3798971
91.599998,.47999999,163,178,7,197,1,5.2832036
85.800003,.19,512,597,48,872,0,6.7707896
97.800003,.63999999,394,403,14,435,0,6.075346
93.400002,.28,1556,1666,17,5105,0,8.5379753
75.300003,.44,694,922,6,1218,0,7.1049652
79.699997,3.05,656,823,37,2102,0,7.6506448
100,2.79,277,277,37,331,0,5.8021183
100,.30000001,875,875,6,2986,0,8.0016899
82.099998,.36000001,193,235,14,258,1,5.5529594
86.699997,.69,8252,9517,24,9556,0,9.1649246
84.300003,1.12,118,140,30,200,1,5.2983174
73.5,.58999997,202,275,5,302,1,5.7104268
82.800003,.1,425,513,28,693,0,6.5410299
100,2.4400001,304,304,24,514,0,6.2422233
80.5,.56,1439,1788,20,2036,0,7.6187425
65.099998,.17,861,1322,17,2380,0,7.7748556
95.699997,.079999998,134,140,15,161,0,5.0814042
99.199997,.02,122,123,36,301,1,5.7071104
100,.87,105,105,35,120,1,4.7874918
88.300003,.52999997,203,230,10,286,0,5.655992
100,2.49,119,119,12,291,1,5.6733232
100,2.52,396,396,13,429,0,6.0614572
100,.46000001,248,248,6,350,0,5.857933
92.599998,1.9,729,787,8,1028,0,6.9353704
57.599998,.37,345,599,8,1178,0,7.0715733
77.300003,.31999999,75,97,25,162,0,5.0875964
78,.33000001,78,100,25,165,0,5.1059456
94.400002,.81999999,1832,1941,29,2016,0,7.6088705
100,.77999997,153,153,8,309,1,5.7333412
69.199997,.37,229,331,5,401,0,5.9939613
100,1.9,499,499,11,43436,1,10.679044
94.800003,.079999998,184,194,32,221,1,5.3981628
100,.44,14869,14869,26,19591,0,9.8828259
100,.1,2242,2242,23,7196,0,8.8812809
79.699997,.13,165,207,27,236,0,5.4638319
83.599998,.56999999,17794,21283,10,32179,0,10.379069
100,.44,178,178,10,310,0,5.7365723
100,1.26,252,252,5,276,1,5.6204009
100,.95999998,105,105,20,154,1,5.0369525
93.900002,1.59,2001,2131,20,3287,1,8.0977306
100,.36000001,126,126,16,249,1,5.5174527
80.900002,.89999998,621,768,8,1591,0,7.372118
81.800003,.12,4934,6035,7,14694,1,9.5951948
100,1.05,375,375,8,655,1,6.4846354
88.099998,.69,207,235,23,295,0,5.6869755
100,.75999999,96,96,15,100,1,4.6051702
75.199997,.40000001,121,161,8,1301,0,7.1708884
82.5,1,3396,4115,6,6115,0,8.7185001
99.800003,2.53,449,450,11,662,1,6.4952655
98.800003,.41,160,162,23,167,0,5.1179938
48.900002,.12,200,409,10,2581,1,7.8559322
89.400002,.75999999,101,113,14,113,0,4.7273879
100,.30000001,135,135,34,237,1,5.46806
100,.70999998,122,122,18,149,1,5.0039463
100,.22,5899,5899,12,18200,0,9.8091764
67.099998,.2,2075,3093,6,9574,0,9.1668062
81.800003,.31,2018,2466,8,2776,0,7.9287663
75.400002,.80000001,184,244,8,1220,0,7.106606
59.599998,.16,895,1501,13,1770,0,7.478735
100,.44,889,889,8,2068,0,7.6343374
86.099998,.97000003,6824,7925,29,19754,0,9.8911114
54.200001,.43000001,846,1561,35,2208,0,7.6998425
56.299999,.43000001,672,1193,7,2743,0,7.9168077
94.800003,.27000001,128,135,11,136,0,4.9126549
94,.77999997,708,753,5,876,1,6.7753663
96.300003,.25999999,211,219,17,365,0,5.8998976
73.599998,.47999999,78,106,8,245,0,5.5012584
29,.25,152,524,8,633,0,6.4504704
100,1.34,257,257,7,291,1,5.6733232
95.699997,.75999999,4412,4608,31,40378,0,10.60604
73.5,.090000004,164,223,5,290,1,5.6698809
96.5,1.45,414,429,18,718,0,6.5764694
94.599998,.54000002,194,205,16,718,0,6.5764694
85.599998,2.9300001,740,864,15,3285,1,8.0971222
100,1.26,154,154,7,230,1,5.4380794
69.400002,.41999999,468,674,39,1136,1,7.0352688
97,.76999998,289,298,14,413,1,6.0234475
93.5,.69999999,1990,2128,18,2380,0,7.7748556
88.199997,.49000001,9596,10885,19,11666,0,9.3644342
100,.14,469,469,14,800,0,6.6846118
63,.49000001,269,427,5,427,0,6.0567842
54.900002,.02,374,681,9,681,1,6.5235624
100,.44999999,230,230,7,923,0,6.8276291
89.800003,1.01,469,522,18,781,1,6.6605749
100,1.16,83,83,10,88,1,4.4773369
73.800003,.20999999,149,202,12,310,1,5.7365723
93.800003,.74000001,767,818,8,1342,1,7.2019162
100,1.11,274,274,6,551,0,6.3117347
72,.30000001,201,279,7,628,1,6.4425402
92,.72000003,3431,3728,29,3806,0,8.2443342
100,.13,2345,2345,27,4467,1,8.4044724
100,.25,103,103,7,103,1,4.6347289
100,2.1700001,357,357,7,480,1,6.1737862
75.300003,.44999999,320,425,7,466,0,6.1441855
76.400002,.1,146,191,4,409,1,6.0137153
79.699997,.11,1567,1967,5,3780,0,8.2374792
85.099998,.66000003,5303,6233,24,7473,0,8.9190521
92.099998,.50999999,2358,2561,14,3806,0,8.2443342
100,1.08,233,233,7,306,1,5.7235851
99.599998,.56,946,950,35,1032,0,6.9392538
57.799999,.34999999,2382,4123,5,6875,0,8.8356466
100,3.6700001,51567,51567,19,77984,0,11.264259
100,.37,4144,4144,39,5108,1,8.5385628
100,.97000003,1511,1511,8,2168,1,7.6815605
56.200001,.14,599,1065,22,1065,0,6.9707303
98.599998,.1,1922,1950,7,2137,0,7.6671581
100,1.85,7665,7665,41,9761,0,9.1861506
100,.18000001,254,254,13,292,1,5.676754
100,.67000002,149,149,10,176,0,5.1704841
100,.67000002,109,109,33,511,0,6.2363696
100,1.87,274,274,16,325,1,5.7838254
85.699997,.19,873,1019,5,1362,0,7.2167096
93.5,.94,116,124,6,124,0,4.8202815
100,.2,123,123,20,131,1,4.8751974
100,2.28,1173,1173,38,1474,1,7.2957349
79.800003,.38999999,75,94,37,94,0,4.5432949
100,.67000002,107,107,24,107,1,4.6728287
57.599998,.07,182,316,9,824,0,6.7141705
86.900002,.50999999,226,260,31,260,1,5.5606818
86,.17,4534,5273,32,6093,0,8.7148962
100,.95999998,178,178,9,254,1,5.5373344
97.699997,.0099999998,212,217,8,463,0,6.1377273
96.800003,.37,1431,1479,9,1479,0,7.2991214
99.099998,3.73,218,220,7,291,0,5.6733232
52.299999,.47,114,218,6,305,0,5.7203116
63,.11,384,610,7,3894,1,8.2671919
74.300003,.36000001,575,774,5,1651,0,7.4091363
90.800003,.52999997,1881,2072,15,2072,0,7.6362696
87.400002,1.62,139,159,6,193,0,5.2626901
62.700001,.62,937,1495,8,2614,0,7.8686371
50.200001,.76999998,6218,12391,10,34854,0,10.458923
58.200001,.2,301,517,11,868,0,6.7661915
100,1.4400001,394,394,16,940,1,6.84588
49.599998,.029999999,282,568,7,6610,0,8.796339
73.5,.58999997,25007,34004,43,65471,0,11.089362
100,1.03,1610,1610,30,3680,1,8.2106676
100,.20999999,134,134,6,160,1,5.0751739
100,4.3699999,1250,1250,27,1250,0,7.130899
100,.70999998,549,549,39,639,1,6.4599047
100,.60000002,14087,14087,19,15464,0,9.6462698
100,.029999999,122,122,10,196,1,5.2781148
85.699997,.92000002,132,154,22,232,0,5.4467373
100,.31999999,312,312,9,365,1,5.8998976
95.099998,.2,195,205,13,230,1,5.4380794
67.300003,.50999999,111,165,15,165,0,5.1059456
100,.33000001,146,146,15,171,1,5.1416636
100,2.1099999,529,529,19,962,1,6.8690143
100,3.52,1024,1024,8,2439,1,7.7993436
75.900002,.11,630,830,7,1010,1,6.9177055
100,.28,6937,6937,31,15663,0,9.6590567
70.900002,.23,3586,5057,42,15245,0,9.6320066
100,.64999998,973,973,7,991,1,6.8987145
100,4,147,147,8,430,0,6.0637851
100,.27000001,357,357,19,749,1,6.6187391
100,.86000001,63,63,17,93,0,4.5325994
100,.38,146,146,17,147,1,4.9904327
57.700001,.33000001,150,260,7,344,1,5.8406415
86.300003,.57999998,3022,3500,8,11628,0,9.3611717
88.800003,.54000002,213,240,15,240,0,5.480639
64.400002,.41999999,65,101,15,101,0,4.6151204
86.300003,.33000001,5444,6306,8,10506,0,9.2597017
70,.11,175,250,6,465,0,6.1420374
94.199997,.85000002,97,103,5,115,0,4.7449322
100,.47,190,190,20,197,1,5.2832036
100,1.6799999,129,129,10,185,1,5.220356
74.300003,.090000004,202,272,5,352,0,5.8636312
85.800003,3.5,133,155,17,390,0,5.9661469
79.300003,.23999999,562,709,8,813,1,6.7007313
66.199997,.69999999,1017,1536,13,4343,1,8.3763208
41.5,.16,90,217,8,243,1,5.4930615
100,.49000001,131,131,11,153,1,5.0304379
67.300003,.74000001,222,330,13,423,1,6.0473723
57,.56,1415,2484,5,2484,0,7.8176255
57,.56,1415,2484,5,2484,0,7.8176255
85.800003,.75999999,163,190,11,193,1,5.2626901
51,.56999999,985,1932,6,6631,1,8.799511
95.699997,.34,379,396,19,2176,0,7.6852436
86.800003,.63999999,770,887,8,944,0,6.8501263
98.099998,.82999998,155,158,8,341,1,5.8318825
100,.34999999,229,229,12,439,0,6.0844994
100,.40000001,700,700,20,2872,1,7.9627638
30.5,.25,53,174,7,518,1,6.2499752
75.099998,.88,997,1327,5,1930,0,7.5652752
100,.55000001,101,101,6,105,1,4.6539602
95,.75,190,200,15,200,0,5.2983174
89.800003,.49000001,272,303,15,303,0,5.7137327
93.900002,.52999997,1038,1106,17,1160,0,7.0561752
61.099998,.34999999,88,144,7,144,1,4.9698133
100,.61000001,786,786,22,1016,1,6.9236288
85.300003,.41999999,475,557,6,2145,0,7.6708946
95.699997,.61000001,199,208,7,234,1,5.4553213
100,.81,250,250,5,483,1,6.1800165
100,.36000001,1543,1543,35,3867,1,8.2602339
93.699997,.50999999,59,63,7,78,1,4.356709
82.199997,.72000003,822,1000,8,1231,0,7.115582
90.5,.37,152,168,5,368,1,5.908083
100,.23999999,58,58,8,58,1,4.0604429
100,3.21,196,196,19,393,1,5.9738097
75.099998,.69,1429,1904,7,3245,1,8.0848703
96.099998,.93000001,1401,1458,7,1806,0,7.4988699
63,.44,648,1029,26,1616,1,7.3877091
44.700001,.16,123,275,16,942,1,6.8480053
83.5,.68000001,1378,1651,8,1671,0,7.4211774
100,.12,404,404,7,664,0,6.498282
100,.31,205,205,7,232,1,5.4467373
58.299999,.31,401,688,7,3357,0,8.118803
75.400002,.059999999,150,199,9,377,1,5.9322453
100,.44,153,153,6,231,1,5.4424176
90.199997,.62,184,204,7,495,0,6.2045579
96.099998,.66000003,1091,1135,5,1746,1,7.4650826
25.1,.63,104,414,6,630,1,6.4457197
80.400002,.60000002,501,623,25,2066,0,7.6333694
100,.090000004,155,155,8,251,0,5.5254531
95.300003,.34999999,81,85,12,296,0,5.6903596
100,1.11,941,941,5,2051,1,7.6260829
100,4.3800001,1050,1050,5,1601,1,7.3783836
60.400002,.41,162,268,6,968,1,6.8752322
84.699997,.37,133,157,9,187,0,5.2311087
78.199997,1.2,1016,1299,6,2812,1,7.9416513
100,.19,1614,1614,19,2419,1,7.7911096
100,.14,527,527,16,883,0,6.7833252
100,.19,596,596,6,859,0,6.7557688
100,.81,215,215,20,215,0,5.3706379
100,1.66,794,794,5,794,0,6.6770835
84.5,.36000001,142,168,6,3762,0,8.2327061
60.799999,.38,234,385,6,3762,0,8.2327061
82.099998,.51999998,366,446,9,564,0,6.3350544
98.800003,.5,158,160,7,290,1,5.6698809
84.599998,.44,154,182,6,3762,0,8.2327061
100,3.0799999,321,321,5,321,1,5.771441
100,.38,385,385,5,385,1,5.9532433
79.300003,.36000001,5390,6801,28,20419,0,9.924221
88.199997,.55000001,1335,1514,18,1572,0,7.3601041
89.900002,.28,1542,1715,19,7127,0,8.8716459
89.599998,.34,250,279,30,327,1,5.7899604
100,1.78,173,173,10,224,1,5.4116459
73,.88999999,100,137,21,157,1,5.0562458
100,1.08,243,243,20,244,1,5.4971681
100,1.24,159,159,7,275,1,5.6167712
98.300003,.34,1401,1425,27,2619,0,7.8705478
100,.82999998,128,128,24,176,1,5.1704841
100,.18000001,334,334,7,482,0,6.1779442
100,.82999998,171,171,10,268,1,5.5909872
90.800003,.5,177,195,16,247,1,5.5093884
72.5,.89999998,153,211,16,673,0,6.5117455
71.5,.38,241,337,7,580,0,6.363028
100,.88,266,266,7,560,1,6.3279366
90.400002,.34,123,136,7,167,1,5.1179938
79.199997,.34999999,282,356,7,438,0,6.0822191
95.699997,.60000002,110,115,8,194,0,5.267858
93.300003,.72000003,750,804,8,1980,0,7.5908523
80.199997,.17,93,116,7,135,1,4.9052749
96.599998,.46000001,338,350,8,1135,0,7.0343881
73.900002,.18000001,283,383,7,509,0,6.2324481
96,.19,9270,9655,18,10156,0,9.2258196
64.400002,.13,530,823,5,1615,0,7.3870902
69.599998,.16,546,785,15,1715,0,7.4471684
69.900002,.44999999,95,136,9,214,0,5.3659759
80,.40000001,220,275,16,325,0,5.7838254
87.300003,.55000001,96,110,7,139,0,4.934474
100,.70999998,135,135,11,179,1,5.187386
58,.07,94,162,14,162,0,5.0875964
100,.74000001,244,244,21,278,1,5.6276212
74.800003,.38999999,178,238,7,312,1,5.7430034
100,.38999999,2848,2848,24,14884,1,9.6080418
82.900002,.74000001,175,211,14,2598,1,7.8624973
100,.30000001,195,195,8,310,1,5.7365723
100,.15000001,180,180,7,180,0,5.1929569
100,1.02,798,798,7,2191,0,7.6921134
100,2,111,111,15,163,1,5.09375
81.5,.44,462,567,14,2662,1,7.8868332
65.599998,1,897,1368,10,1433,0,7.2675252
100,2.26,1163,1163,10,1433,0,7.2675252
46.900002,.94999999,206,439,8,506,1,6.2265368
79.199997,.41,1497,1890,23,2552,0,7.8446326
100,.76999998,126,126,19,158,1,5.0625949
53.299999,.97000003,2156,4048,15,6197,1,8.7318201
77.300003,.15000001,1395,1805,20,2375,0,7.7727528
77.900002,.63,109,140,7,1134,1,7.0335064
61.799999,.090000004,320,518,8,688,0,6.5337887
84.099998,.20999999,1335,1588,9,2467,1,7.8107581
100,.38999999,197,197,7,323,0,5.7776523
100,.41999999,128,128,9,166,1,5.1119876
89.900002,.36000001,349,388,7,408,0,6.0112672
100,.23999999,834,834,8,1023,0,6.9304948
100,3.0599999,247,247,6,674,1,6.5132303
100,.15000001,811,811,7,1840,1,7.5175209
79,.70999998,113,143,5,198,1,5.2882671
100,.23,87,87,11,157,1,5.0562458
89.199997,.91000003,190,213,21,250,1,5.521461
100,.49000001,241,241,12,281,1,5.6383548
100,.33000001,1509,1509,9,2570,0,7.8516612
100,.13,452,452,8,786,1,6.6669569
100,.25999999,150,150,11,150,0,5.0106354
50.900002,1.92,112,220,9,282,1,5.6419072
74.099998,.33000001,537,725,8,1117,0,7.0184016
100,2.1800001,730,730,9,847,1,6.7417006
100,1.9400001,193,193,25,193,1,5.2626901
80.699997,.54000002,138,171,7,2002,0,7.601902
91.199997,.44,18794,20599,8,70969,0,11.169998
71.900002,.41999999,31800,44221,8,70969,0,11.169998
91.800003,.30000001,212,231,7,4549,0,8.4226627
100,3.74,340,340,7,1750,1,7.467371
20.1,.2,283,1408,5,1408,1,7.2499256
100,2,188,188,13,195,1,5.2729998
78.699997,.47999999,2780,3533,19,4158,0,8.3327894
92.300003,.33000001,854,925,23,1277,0,7.1522689
86,4.6300001,584,679,7,869,0,6.767343
100,.70999998,92,92,30,111,1,4.7095304
100,.66000003,142,142,7,186,1,5.2257466
90.099998,.11,649,720,20,1733,1,7.4576092
91.5,.81999999,355,388,25,456,1,6.1224928
100,.38999999,441,441,9,708,0,6.5624442
72.5,.86000001,1376,1898,20,2247,0,7.7173514
82.800003,.56999999,202,244,7,301,0,5.7071104
48.900002,.99000001,331,677,10,677,1,6.5176711
100,3.4000001,165,165,14,174,1,5.1590552
100,.19,322,322,7,454,0,6.1180973
100,1.37,107,107,17,145,1,4.9767337
86.199997,.41,581,674,6,1380,0,7.2298388
75.699997,.20999999,171,226,7,305,0,5.7203116
100,.30000001,182,182,7,182,0,5.2040067
100,.91000003,188,188,7,216,1,5.3752785
100,.52999997,109,109,8,177,1,5.1761498
100,.31999999,408,408,8,548,0,6.3062754
65.300003,.38999999,252,386,8,604,1,6.403574
100,1.5599999,1203,1203,44,2304,0,7.7424021
85.5,.30000001,2291,2679,19,5819,0,8.6688833
20.6,.039999999,1151,5586,7,5819,0,8.6688833
89.800003,.41999999,336,374,7,1081,0,6.985642
83.800003,.41999999,325,388,7,583,0,6.368187
100,.47999999,6888,6888,48,7830,0,8.9657173
53.799999,.44999999,820,1524,8,2629,0,7.8743587
61.200001,.2,290,474,5,818,0,6.7068624
100,.80000001,148,148,11,193,0,5.2626901
100,.14,221,221,8,234,1,5.4553213
48.200001,.11,520,1079,5,2071,0,7.635787
66.300003,.41999999,450,679,7,759,0,6.6320019
69.900002,.54000002,1817,2600,8,4270,1,8.3593693
100,.38,175,175,37,511,1,6.2363696
100,.66000003,96,96,7,132,1,4.882802
100,.61000001,186,186,6,260,1,5.5606818
78,.27000001,184,236,5,274,1,5.6131282
100,.51999998,259,259,12,484,1,6.182085
50,.41,168,336,15,478,1,6.1696105
100,.56999999,2567,2567,5,6500,0,8.7795572
100,4.3499999,127,127,15,230,1,5.4380794
100,3.46,100,100,20,201,0,5.3033047
100,.72000003,132,132,16,234,1,5.4553213
100,1.02,268,268,8,457,1,6.1246834
100,1.4400001,78,78,10,528,1,6.2690964
100,.62,136,136,16,379,0,5.9375362
100,.25,214,214,11,242,0,5.4889379
88,.43000001,16236,18442,7,30308,0,10.319167
99.699997,.57999998,301,302,8,478,1,6.1696105
59.900002,.17,124,207,7,389,1,5.9635792
100,3.71,8449,8449,7,21963,1,9.9971142
59.599998,.52999997,161,270,5,820,0,6.7093043
100,1.21,126,126,9,232,1,5.4467373
100,.25,970,970,26,1030,0,6.937314
100,.55000001,238,238,6,371,1,5.9162021
100,1,105,105,7,122,1,4.8040209
100,.16,166,166,7,346,1,5.8464389
68.900002,.12,73,106,6,125,1,4.8283138
79,.20999999,147,186,7,205,0,5.32301
87,.62,100,115,7,124,1,4.8202815
100,.34,281,281,7,656,1,6.4861608
95.900002,.50999999,4394,4584,24,5105,0,8.5379753
77.199997,.17,404,523,6,645,0,6.4692502
100,1.24,79,79,7,1090,0,6.9939332
100,1.13,48777,48777,7,144387,0,11.880253
91.699997,.43000001,199,217,5,356,0,5.8749309
77.699997,.47999999,87,112,34,146,1,4.9836068
100,.43000001,349,349,7,555,0,6.3189683
8.8000002,.5,142,1605,14,2215,0,7.7030077
60.900002,.37,978,1605,8,2215,0,7.7030077
100,1.6900001,289,289,28,497,0,6.20859
100,2.3599999,207,207,5,226,1,5.4205351
100,1.5,284,284,9,321,1,5.771441
62.599998,.38999999,555,886,5,1201,0,7.09091
100,.18000001,113,113,9,186,0,5.2257466
100,1.0700001,748,748,20,931,1,6.8362594
65.5,.46000001,525,802,7,822,0,6.7117405
99,.14,307,310,15,1077,1,6.9819345
78.5,1.11,299,381,5,531,1,6.2747622
100,1.73,107,107,7,237,1,5.46806
100,.52999997,98,98,18,111,1,4.7095304
97,.16,96,99,7,121,1,4.7957907
89.900002,.38999999,321,357,8,587,1,6.3750248
77.900002,.47999999,116,149,6,184,0,5.2149358
100,.66000003,65,65,33,80,0,4.3820267
100,.41,105,105,13,166,1,5.1119876
73.400002,.28,259,353,6,424,0,6.0497336
100,1.8,165,165,8,219,1,5.3890719
100,.74000001,272,272,8,555,0,6.3189683
89,.76999998,1896,2130,29,2774,0,7.9280457
64.699997,.07,311,481,7,1181,0,7.0741167
100,.67000002,220,220,6,220,1,5.3936276
89.400002,.37,447,500,5,544,0,6.2989492
78.699997,.12,573,728,6,769,0,6.6450911
76.900002,.40000001,681,885,8,1941,0,7.5709586
64.599998,.28,747,1157,7,3018,1,8.0123501
78.800003,1.15,178,226,20,451,1,6.1114674
100,.5,131,131,17,160,1,5.0751739
83.900002,.41,1787,2129,27,2312,0,7.7458682
100,.1,182,182,11,183,1,5.209486
43.599998,.1,3464,7948,8,13072,0,9.4782276
95.400002,.30000001,187,196,7,235,0,5.4595857
95.800003,.31999999,182,190,5,261,1,5.5645204
100,.69,134,134,8,169,1,5.1298985
73.5,.17,114,155,6,332,0,5.8051348
100,.68000001,394,394,45,420,0,6.0402546
91.300003,.31999999,158,173,21,628,1,6.4425402
82.599998,4.1300001,90,109,6,383,1,5.9480348
100,.72000003,115,115,32,518,0,6.2499752
63.400002,.090000004,4877,7696,9,12539,0,9.4365988
50.299999,.1,1110,2208,5,3928,0,8.2758856
100,.14,283,283,7,354,0,5.869297
93.699997,.44999999,208,222,16,419,0,6.0378709
99.099998,1.46,111,112,37,199,1,5.2933049
93.099998,.27000001,764,821,15,3463,0,8.1498909
67.599998,.20999999,3188,4716,15,6489,0,8.7778635
73.400002,.18000001,370,504,7,628,0,6.4425402
85,.37,713,839,27,976,0,6.8834624
77,.41999999,3357,4357,37,11120,0,9.3165007
90.400002,.37,2305,2549,22,2549,0,7.8434563
37,.22,80,216,7,261,1,5.5645204
100,.94999999,576,576,7,705,1,6.558198
100,.88999999,531,531,6,1561,1,7.3530817
100,.28999999,278,278,12,2112,0,7.6553907
86.400002,.31999999,445,515,7,693,0,6.5410299
49.700001,.18000001,279,561,7,1162,0,7.057898
100,3.73,105,105,20,284,1,5.6489744
73,.37,27935,38276,27,53942,0,10.895664
83.5,.37,58811,70429,27,89177,0,11.398378
100,.15000001,110,110,30,182,1,5.2040067
100,.64999998,1268,1268,19,1921,0,7.5606012
100,.52999997,353,353,7,677,1,6.5176711
100,.19,1390,1390,7,1729,0,7.4552984
74,.31999999,368,497,7,608,0,6.4101748
100,.82999998,125,125,11,132,1,4.882802
72.699997,.81999999,112,154,16,224,0,5.4116459
75.5,.37,1058,1402,16,1760,0,7.4730692
72.599998,.51999998,191,263,17,744,0,6.612041
99.199997,.69,238,240,28,240,1,5.480639
100,.2,2239,2239,11,2291,0,7.7367435
82.599998,.33000001,314,380,8,1685,0,7.4295206
100,.37,132,132,19,138,0,4.9272537
98.900002,.64999998,90,91,7,231,1,5.4424176
89.800003,.36000001,1069,1190,11,3799,0,8.2424936
100,.28,113,113,9,3799,0,8.2424936
72.900002,.40000001,194,266,4,363,0,5.894403
100,2.1600001,529,529,30,680,0,6.5220928
85.300003,1.1799999,924,1083,8,26052,0,10.16785
96.400002,.31999999,400,415,11,1301,0,7.1708884
100,.28999999,206,206,8,205,1,5.32301
60.200001,.13,711,1182,8,1529,0,7.3323693
100,.66000003,126,126,5,168,1,5.1239638
76.199997,.41,179,235,7,1337,0,7.1981835
100,1.77,152,152,16,230,1,5.4380794
100,.94,356,356,9,366,1,5.9026332
89.599998,3.78,180,201,14,350,0,5.857933
71.599998,4.1799998,154,215,5,384,1,5.9506426
99.599998,1,280,281,14,328,1,5.7930136
100,.92000002,310,310,24,385,1,5.9532433
100,.56999999,2749,2749,21,6948,0,8.8462095
100,.28999999,322,322,20,388,1,5.9610052
82.5,.25,950,1151,20,1567,1,7.3569183
100,.33000001,228,228,8,489,0,6.1923623
100,.079999998,1435,1435,15,1719,1,7.4494982
44.299999,.11,258,582,5,1013,1,6.9206715
100,.57999998,261,261,6,734,0,6.5985088
100,.23,114,114,21,175,0,5.1647859
100,.33000001,223,223,13,322,1,5.7745514
100,.2,240,240,7,371,1,5.9162021
100,1.28,114,114,17,134,1,4.89784
100,1.09,67,67,15,168,1,5.1239638
100,.56,102,102,9,130,1,4.8675346
94.599998,.37,5243,5541,27,6685,0,8.807622
100,1.49,416,416,16,1295,0,7.166266
100,.76999998,117,117,9,150,1,5.0106354
74,.18000001,142,192,15,436,0,6.0776424
87.900002,.37,343,390,9,1228,0,7.113142
92.800003,.38,308,332,14,635,0,6.4536252
79.5,.41999999,454,571,14,962,1,6.8690143
100,.40000001,78,78,12,82,1,4.4067192
100,4.1199999,441,441,6,12000,1,9.392662
100,.44,99,99,6,99,1,4.59512
87.199997,.41,170,195,6,202,1,5.3082676
100,2,212,212,7,327,1,5.7899604
89.099998,.5,1099,1233,7,1997,1,7.5994015
100,.079999998,226,226,6,449,1,6.1070228
100,.23,157,157,5,185,1,5.220356
100,1.27,773,773,30,923,1,6.8276291
44.700001,1,519,1162,6,6358,1,8.7574692
100,.33000001,106,106,7,119,1,4.7791233
87.599998,.41,254,290,9,338,1,5.8230457
66.300003,.61000001,1202,1813,9,8208,0,9.0128641
100,.16,488,488,5,503,1,6.2205901
100,.44,127,127,29,214,1,5.3659759
100,.74000001,131,131,5,159,0,5.0689044
38.400002,.029999999,2234,5815,6,9266,0,9.1341066
100,4.6399999,150,150,24,356,1,5.8749309
39.799999,3,882,2218,5,2218,0,7.704361
100,.34,561,561,5,1613,1,7.3858509
85.199997,.55000001,276,324,14,331,0,5.8021183
99.900002,1.67,722,723,29,758,1,6.6306834
96.300003,.31,5502,5712,5,10216,0,9.2317104
97.599998,.41,820,840,16,877,0,6.7765069
99.300003,1.24,150,151,7,163,1,5.09375
100,1.16,373,373,7,607,1,6.4085288
71.699997,.43000001,195,272,13,461,1,6.1333981
100,4.25,144,144,6,148,1,4.9972124
100,.41,90,90,33,197,1,5.2832036
87,.55000001,114,131,22,1229,0,7.113956
84.599998,.5,838,990,8,1582,0,7.3664451
75.5,.37,1516,2008,7,4273,0,8.3600712
62.900002,.2,1368,2176,7,4273,0,8.3600712
100,3.03,625,625,28,2685,0,7.8954358
100,.37,830,830,7,939,0,6.8448153
89,.2,291,327,7,1170,0,7.0647593
83.300003,.31,2319,2784,10,3154,0,8.056427
82.699997,.33000001,234,283,7,1153,0,7.0501227
100,.41,461,461,6,6938,0,8.8447685
100,.41,200,200,6,6938,0,8.8447685
100,.41,756,756,6,6938,0,8.8447685
100,.41,303,303,6,6938,0,8.8447685
87.5,1,1633,1867,20,8686,0,9.0694675
100,2.9400001,303,303,8,539,0,6.2897158
73.900002,.44999999,133,180,7,302,0,5.7104268
64,.83999997,304,475,5,517,0,6.2480431
100,.95999998,387,387,9,482,1,6.1779442
74.599998,.1,4597,6162,7,11649,0,9.3629761
84.300003,.88,70,83,7,180,1,5.1929569
100,1.1900001,241,241,27,503,1,6.2205901
75.099998,.13,368,490,24,987,0,6.89467
100,1.53,420,420,14,2964,0,7.9942951
100,1.85,2103,2103,5,2964,0,7.9942951
100,1.4299999,51,51,16,146,1,4.9836068
100,.40000001,176,176,5,176,1,5.1704841
100,.66000003,231,231,5,488,1,6.1903152
100,1.66,205,205,9,209,0,5.3423343
100,.83999997,214,214,25,258,1,5.5529594
100,.46000001,4474,4474,27,6512,0,8.7814016
95,.37,515,542,14,894,1,6.7957058
100,3.5899999,193,193,5,309,1,5.7333412
99.400002,.57999998,174,175,7,508,0,6.2304816
93.199997,.68000001,204,219,7,295,1,5.6869755
91.599998,.19,327,357,9,500,1,6.2146082
100,.57999998,246,246,6,246,0,5.5053315
100,.60000002,2667,2667,23,17865,1,9.7905989
50.700001,.079999998,336,663,5,705,0,6.558198
91.400002,.56,159,174,6,206,0,5.3278761
100,.090000004,143,143,6,503,1,6.2205901
89.900002,1.02,240,267,33,895,0,6.7968235
71.699997,.34,803,1120,9,1801,0,7.4960976
67.800003,.33000001,99,146,7,203,1,5.3132062
66.599998,.41,1116,1676,9,1850,0,7.5229411
91.900002,.40000001,375,408,10,408,0,6.0112672
99.199997,.36000001,122,123,10,123,0,4.8121843
88,.54000002,191,217,8,232,0,5.4467373
59.200001,.23,12083,20394,39,27000,0,10.203592
89,.44,12305,13822,31,24510,0,10.106836
100,.94999999,432,432,41,613,1,6.418365
75.300003,.13,374,497,10,517,0,6.2480431
81.300003,.43000001,883,1086,39,1481,0,7.3004727
100,.44,162,162,15,212,1,5.3565865
100,2.8399999,482,482,32,716,0,6.5736804
95.400002,.47999999,7124,7469,33,29131,0,10.279558
91.699997,.33000001,17636,19242,33,29131,0,10.279558
97.199997,.49000001,172,177,38,689,0,6.5352411
79.699997,.5,247,310,24,338,0,5.8230457
79,.50999999,452,572,18,906,1,6.8090391
93.300003,.38999999,181,194,23,239,0,5.4764633
94.199997,.54000002,36552,38798,40,60916,0,11.017251
76.300003,.51999998,8723,11430,28,19116,0,9.8582811
100,2.98,957,957,27,3225,1,8.0786886
100,3.1400001,1515,1515,40,4838,0,8.4842567
77.699997,.46000001,3262,4199,36,6874,0,8.8355017
82.300003,.18000001,116,141,5,160,0,5.0751739
76.099998,.25,38977,51189,9,57279,0,10.955689
82.5,.52999997,255,309,7,324,1,5.7807436
100,.33000001,306,306,33,522,0,6.2576675
82.699997,.41,1084,1310,25,2388,0,7.7782116
91.5,1.3200001,929,1015,38,2388,0,7.7782116
84.199997,.43000001,133,158,32,2156,0,7.6760101
78,.36000001,578,741,37,979,0,6.8865318
100,.55000001,750,750,13,924,1,6.828712
93.900002,.41999999,139,148,32,165,1,5.1059456
91.099998,.38999999,2220,2437,16,4036,0,8.303009
100,.63999999,99,99,16,271,1,5.602119
100,1.63,103,103,23,591,0,6.3818159
100,2.3,89,89,33,456,1,6.1224928
100,3.98,176,176,24,428,0,6.059123
100,1.7,1349,1349,16,2548,1,7.8430638
81.300003,.81,87,107,23,243,0,5.4930615
100,4.3800001,197,197,19,589,0,6.3784261
83.800003,.38,358,427,7,3980,0,8.2890368
71.599998,1.91,682,953,40,1312,0,7.1793079
100,.34,61,61,16,69,1,4.2341065
100,1.61,1121,1121,25,1745,1,7.46451
99.900002,.94999999,1004,1005,22,1094,1,6.9975958
100,.029999999,1570,1570,31,31853,1,10.368887
100,1.63,582,582,41,12811,0,9.4580593
99.800003,.70999998,2726,2731,25,3133,1,8.0497465
90.300003,.52999997,215,238,6,342,1,5.8348107
100,.97000003,88,88,20,284,1,5.6489744
100,2.75,378,378,29,477,1,6.1675167
90.300003,.34999999,243,269,29,399,0,5.9889612
100,1.5,92,92,32,165,1,5.1059456
100,2.3599999,135,135,21,135,0,4.9052749
100,1.79,264,264,21,264,0,5.5759492
100,.80000001,680,680,24,858,0,6.7546039
100,.17,4439,4439,7,5179,0,8.5523672
70.300003,.44999999,473,673,9,2549,0,7.8434563
100,.44,529,529,7,529,1,6.2709885
100,1.02,171,171,19,492,1,6.1984787
100,.12,330,330,19,330,1,5.7990928
91.599998,.75,4511,4926,22,9417,0,9.1502714
100,1.11,2706,2706,24,3068,1,8.0287809
44.099998,.38,1067,2422,7,3473,0,8.1527739
100,.56999999,1251,1251,13,1300,1,7.1701198
86.900002,.25,126,145,11,230,0,5.4380794
100,.67000002,270,270,23,474,1,6.1612072
100,1.66,1167,1167,25,1602,1,7.3790083
62.200001,.16,634,1020,7,1020,0,6.9275579
77.300003,.34999999,656,849,7,36962,0,10.517646
76.900002,.19,100,130,7,195,1,5.2729998
53.099998,.22,220,414,8,1460,0,7.2861919
66.5,.25,179,269,7,269,1,5.5947113
100,.28999999,13518,13518,21,18677,0,9.8350477
100,2.45,10518,10518,13,19055,1,9.8550844
100,.70999998,43410,43410,42,65151,0,11.084463
100,.28,1539,1539,14,1539,1,7.3388882
70.5,.44999999,308,437,5,476,1,6.1654177
61.5,.70999998,2057,3343,19,22026,1,9.999979
90,.44999999,955,1061,14,1223,1,7.1090622
100,.25999999,492,492,9,526,0,6.2653012
100,.52999997,108,108,8,144,1,4.9698133
63.299999,.2,1774,2804,9,8546,0,9.0532188
56.700001,.16,2707,4775,7,6740,1,8.815815
100,.95999998,579,579,16,844,1,6.7381525
100,1.33,123,123,19,171,1,5.1416636
100,.41999999,111,111,7,158,1,5.0625949
68.699997,.16,491,715,7,1012,0,6.9196839
93.199997,.5,11420,12249,27,29557,0,10.294076
100,.050000001,583,583,8,666,1,6.5012898
76.400002,2.05,223,292,11,333,1,5.8081427
88.599998,1.28,1640,1852,6,4094,0,8.3172779
100,1.03,155,155,10,240,1,5.480639
80.599998,.2,228,283,7,385,1,5.9532433
100,2.3099999,283,283,8,341,0,5.8318825
84.900002,.41,118,139,7,405,1,6.0038872
90.5,.37,12981,14339,40,50697,0,10.833622
100,.27000001,704,704,17,50697,0,10.833622
100,.079999998,613,613,22,50697,0,10.833622
100,.37,1075,1075,22,50697,0,10.833622
78.800003,.43000001,216,274,8,370,1,5.9135032
46.900002,.23,307,655,8,655,1,6.4846354
91.699997,.16,7673,8364,37,11930,0,9.3868113
100,1.78,129,129,15,286,0,5.655992
100,.34,119,119,11,152,0,5.0238805
88.199997,.40000001,240,272,16,338,1,5.8230457
100,.43000001,127,127,7,334,1,5.811141
86.300003,.80000001,594,688,6,929,0,6.8341088
61.400002,.20999999,89,145,8,186,1,5.2257466
97.099998,.41999999,167,172,18,196,1,5.2781148
76.300003,.30000001,297,389,9,569,0,6.3438807
86.5,.40000001,147,170,23,205,0,5.32301
35.799999,.17,435,1215,5,1517,1,7.3244901
74.699997,1.13,515,689,6,26052,1,10.16785
100,.86000001,684,684,13,859,0,6.7557688
51.900002,.11,309,595,6,603,1,6.401917
62,.12,455,734,5,910,1,6.8134446
78.599998,.54000002,869,1105,5,1396,1,7.2413664
81.800003,.80000001,270,330,12,398,1,5.9864521
28.6,.18000001,1172,4101,9,4688,0,8.4527617
100,.11,600,600,8,935,0,6.8405466
100,.5,446,446,6,468,0,6.1484685
100,2.4100001,119,119,12,119,1,4.7791233
100,.34999999,600,600,6,856,1,6.7522702
100,.25999999,199,199,12,661,0,6.4937539
100,.23999999,197,197,30,450,1,6.1092477
80.900002,.36000001,8975,11099,42,12721,0,9.4510098
49.200001,.41,493,1003,18,1599,0,7.3771338
100,2.3,127,127,25,589,1,6.3784261
100,.67000002,202,202,8,202,1,5.3082676
75.199997,.38999999,2949,3921,11,6584,0,8.7923975
100,1.04,149,149,15,232,1,5.4467373
87.400002,.40000001,209,239,7,1605,0,7.3808789
3,.38,1049,34547,8,88975,0,11.396111
84.599998,.44,126,149,9,155,1,5.0434251
93.300003,.47,16579,17766,8,70707,0,11.1663
67.199997,.19,240,357,8,2384,0,7.776535
59.900002,.18000001,1195,1994,8,2384,0,7.776535
100,.40000001,128,128,15,138,1,4.9272537
86.5,.5,587,679,5,694,0,6.5424719
100,.34,126,126,7,241,1,5.484797
100,.19,514,514,9,756,0,6.6280413
100,4.7800002,358,358,7,661,1,6.4937539
100,3.8499999,237,237,8,317,1,5.7589016
100,.31,309,309,33,355,0,5.872118
62,.19,325,524,12,718,0,6.5764694
100,1.25,2667,2667,16,6344,0,8.7552652
98.900002,1.27,177,179,5,208,1,5.3375382
64.599998,.30000001,363,562,5,639,1,6.4599047
84.099998,.44,143,170,8,279,1,5.6312118
14.9,.22,1011,6801,7,9188,1,9.1256533
81.699997,.47,3168,3879,7,10526,0,9.2616034
68.300003,.41999999,112,164,16,262,1,5.5683446
100,.40000001,136,136,12,320,1,5.768321
100,2.8900001,765,765,36,3625,0,8.1956091
80.400002,.050000001,234,291,8,389,1,5.9635792
72.599998,.31999999,3349,4615,8,41406,0,10.631181
100,.61000001,813,813,7,2413,0,7.7886262
90.5,.38999999,3261,3603,27,3915,0,8.2725706
100,.31999999,77,77,13,181,0,5.1984968
80.599998,.17,489,607,7,1944,0,7.5725031
64.400002,.31999999,2013,3128,7,4561,0,8.4252968
73,.33000001,712,975,13,1148,0,7.0457764
85.400002,.47999999,164,192,27,327,1,5.7899604
70.199997,.12,335,477,14,2679,0,7.893199
86.5,.37,38493,44517,27,88975,0,11.396111
76.400002,.38,26405,34547,27,88975,0,11.396111
100,.87,222,222,28,231,0,5.4424176
100,.97000003,72,72,33,98,1,4.5849676
90.800003,.69,45288,49893,26,117414,0,11.673461
77,.44,33430,43428,30,54497,0,10.905901
81.199997,1.14,613,755,10,1170,1,7.0647593
58.200001,.56,318,546,6,912,1,6.81564
60.900002,.31999999,227,373,17,434,0,6.0730443
94.400002,.12,135,143,6,226,1,5.4205351
71.099998,.38,1590,2235,8,9741,1,9.1840992
69.800003,.43000001,268,384,7,492,0,6.1984787
65,.36000001,2456,3776,5,7360,1,8.9038153
89,.34,3942,4428,31,4549,0,8.4226627
67,.52999997,293,437,7,628,1,6.4425402
87.599998,.36000001,14890,16996,28,18364,0,9.8181477
100,.38,10881,10881,9,29203,0,10.282026
100,.20999999,5378,5378,48,6561,0,8.7888985
100,.54000002,448,448,6,494,0,6.2025356
100,3.3299999,155,155,17,539,1,6.2897158
97.900002,.36000001,5154,5266,16,7324,0,8.8989115
72.800003,.46000001,107,147,8,174,0,5.1590552
100,1.16,210,210,21,359,0,5.8833222
100,.19,117,117,41,135,1,4.9052749
100,1.86,491,491,34,1171,1,7.0656133
100,2.76,387,387,40,482,1,6.1779442
100,.79000002,2168,2168,9,2515,0,7.8300281
100,4.9099998,102,102,17,154,1,5.0369525
87.5,.28999999,4298,4911,26,11047,0,9.3099146
100,.55000001,1940,1940,15,2843,0,7.9526153
80.599998,.22,150,186,7,289,0,5.6664267
60.799999,1.25,146,240,8,347,0,5.8493247
73.800003,.25,459,622,40,846,0,6.7405195
100,1.15,806,806,9,1645,1,7.4054956
73.699997,.34999999,143,194,7,505,0,6.2245584
92.400002,.34999999,219,237,33,340,1,5.8289456
100,1.47,93,93,5,122,0,4.8040209
85,.38999999,734,864,7,986,0,6.8936563
100,.99000001,204,204,9,253,1,5.5333896
85.300003,.38999999,5507,6459,14,28544,0,10.259202
85.800003,.5,11623,13553,24,78182,0,11.266795
89,.5,50985,57288,24,78183,0,11.266808
79.400002,.50999999,2532,3188,7,78182,0,11.266795
64.300003,.12,2861,4452,11,6359,0,8.7576265
91.800003,.31,191,208,10,337,0,5.8200831
100,.46000001,246,246,38,300,1,5.7037826
98.400002,.33000001,932,947,8,1137,1,7.0361485
82.599998,.43000001,152,184,5,223,1,5.4071717
84.300003,.94,698,828,16,859,0,6.7557688
100,1.86,134,134,8,179,1,5.187386
100,.69,7087,7087,18,11643,0,9.3624601
70.199997,.5,708,1009,15,1442,1,7.2737865
100,1.48,108,108,27,365,0,5.8998976
95.800003,.40000001,2184,2280,15,3544,0,8.1730118
100,.2,229,229,7,232,1,5.4467373
100,2.0799999,94,94,5,147,1,4.9904327
100,.75999999,113,113,9,407,1,6.0088134
100,.31999999,161,161,26,220,1,5.3936276
100,1.77,126,126,6,216,1,5.3752785
79.800003,.41999999,1769,2218,22,2571,0,7.8520503
58.400002,.20999999,9276,15881,25,18404,0,9.820323
100,1,176,176,5,650,0,6.4769726
100,.40000001,153,153,8,186,0,5.2257466
79.599998,.49000001,180,226,24,255,0,5.5412636
100,.30000001,1172,1172,12,1384,0,7.2327332
100,.79000002,1172,1172,11,1384,0,7.2327332
81.699997,.41,250,306,7,382,0,5.9454207
100,.17,232,232,8,385,1,5.9532433
100,.17,134,134,7,174,1,5.1590552
100,.029999999,95,95,19,146,1,4.9836068
100,1.3,129,129,30,236,0,5.4638319
100,2.1800001,157,157,8,193,1,5.2626901
100,.69,560,560,16,625,1,6.4377518
100,.63,23000,23000,9,44450,0,10.70212
100,.63999999,190,190,9,907,1,6.8101425
100,.58999997,129,129,26,185,1,5.220356
100,.25999999,254,254,21,295,1,5.6869755
100,1.6,1542,1542,9,2508,0,7.8272409
100,.2,234,234,5,290,1,5.6698809
31.4,.029999999,922,2933,6,4212,0,8.3456926
98.5,.58999997,128,130,7,130,1,4.8675346
100,1.25,770,770,26,823,1,6.7129564
100,3.7,640,640,8,825,0,6.7153835
100,.029999999,190,190,6,480,1,6.1737862
100,.57999998,402,402,7,629,1,6.4441314
73.900002,.18000001,677,916,6,1026,0,6.933423
100,1,150,150,9,240,1,5.480639
79.300003,.38,571,720,19,5802,1,8.6659584
70.599998,.40000001,173,245,40,870,1,6.7684932
100,.22,102,102,22,115,0,4.7449322
69.300003,.75999999,280,404,27,909,1,6.812345
93.400002,.07,576,617,7,617,0,6.4248691
100,2.3199999,318,318,27,319,0,5.7651911
84.699997,.38,149,176,7,196,1,5.2781148
100,.039999999,196,196,9,303,1,5.7137327
100,.34,1224,1224,12,1805,0,7.4983158
100,.14,168,168,19,176,1,5.1704841
100,.72000003,138,138,20,157,1,5.0562458
100,.46000001,186,186,15,212,1,5.3565865
94.400002,1.51,84,89,12,124,0,4.8202815
100,.52999997,644,644,8,727,0,6.5889263
62.5,.40000001,95,152,7,315,1,5.7525725
53.700001,.090000004,440,820,8,965,0,6.872128
100,.63999999,241,241,25,392,1,5.971262
100,1.13,268,268,15,464,1,6.1398845
100,1.0599999,417,417,24,419,0,6.0378709
87.699997,1.9,408,465,18,702,0,6.5539336
85.699997,.50999999,180,210,8,214,0,5.3659759
100,.38,123,123,6,459,0,6.1290503
62.900002,1.21,1415,2251,19,18700,1,9.8362789
100,.70999998,240,240,10,318,1,5.7620516
100,1.34,169,169,21,280,1,5.6347895
56.700001,.090000004,135,238,8,288,1,5.6629605
100,.14,640,640,5,837,0,6.7298241
100,1.9299999,284,284,18,284,1,5.6489744
100,.18000001,469,469,19,475,0,6.1633148
60.299999,.27000001,232,385,12,423,1,6.0473723
21.299999,.38,766,3600,6,4500,1,8.4118328
85.699997,.40000001,699,816,7,1504,0,7.3158836
100,.38999999,225,225,8,519,0,6.251904
100,.72000003,149,149,16,170,1,5.1357985
71.699997,.79000002,266,371,31,543,0,6.2971091
91.699997,.27000001,144,157,9,505,1,6.2245584
100,.69,2351,2351,8,2351,1,7.7625961
55.900002,.38999999,243,435,7,625,0,6.4377518
94.199997,.16,373,396,18,608,1,6.4101748
100,1.61,110,110,21,178,1,5.1817837
96.5,.50999999,750,777,5,873,0,6.7719355
100,.12,100,100,22,186,1,5.2257466
87.599998,.66000003,106,121,5,398,1,5.9864521
77.300003,.31999999,1482,1916,9,22023,0,9.9998426
100,.41999999,103,103,7,417,0,6.0330863
100,1.88,72,72,19,138,1,4.9272537
62.700001,.36000001,16545,26395,22,39378,0,10.580962
100,.47999999,256,256,7,431,1,6.0661082
100,.31999999,336,336,7,359,0,5.8833222
89.699997,.36000001,2313,2578,12,4540,0,8.420682
100,.23,621,621,8,720,1,6.5792513
100,2.3699999,131,131,13,166,1,5.1119876
100,.2,449,449,6,19744,1,9.890605
77.699997,.14,290,373,5,978,1,6.8855095
56.799999,.25999999,643,1132,6,1281,0,7.1553965
58.200001,.36000001,185,318,11,332,1,5.8051348
100,.36000001,240,240,9,300,0,5.7037826
100,.94,2031,2031,6,2898,1,7.971776
70,.31,91,130,6,252,1,5.529429
60.099998,1.77,101,168,5,359,1,5.8833222
100,1.16,168,168,21,168,1,5.1239638
100,1.35,137,137,11,163,1,5.09375
78.099998,.31,3703,4743,5,6994,0,8.852808
78.099998,.31,3703,4743,5,6994,0,8.852808
100,.49000001,166,166,6,264,1,5.5759492
100,.54000002,100,100,6,124,0,4.8202815
100,.58999997,475,475,8,562,0,6.331502
100,.79000002,571,571,7,926,0,6.8308744
100,.66000003,764,764,9,830,1,6.7214255
92.599998,2.3099999,100,108,8,160,1,5.0751739
100,1.86,157,157,6,157,1,5.0562458
61.700001,.41,513,832,6,979,1,6.8865318
55.5,.090000004,161,290,5,493,1,6.2005091
100,.93000001,190,190,12,190,1,5.2470241
100,.07,128,128,7,182,1,5.2040067
100,1.96,175,175,9,214,1,5.3659759
100,1.99,427,427,13,627,1,6.4409466
17.4,.28999999,265,1524,5,1549,0,7.345365
100,.12,254,254,7,345,1,5.8435445
90.800003,1.1799999,1448,1594,21,26052,1,10.16785
100,.28,108,108,6,325,1,5.7838254
99.599998,.23999999,229,230,13,230,1,5.4380794
76.400002,.40000001,2652,3469,8,60258,0,11.006391
43.799999,.2,1372,3130,6,10990,1,9.3047409
100,.38999999,191,191,13,393,1,5.9738097
100,.57999998,110,110,5,211,1,5.3518581
79.300003,.43000001,318,401,9,57065,1,10.951946
100,.89999998,617,617,10,938,1,6.84375
100,.75999999,180,180,10,242,1,5.4889379
51.5,.23,177,344,7,419,1,6.0378709
88.400002,1.26,61,69,8,210,0,5.3471074
79.900002,.67000002,147,184,51,309,0,5.7333412
80.800003,.69,101,125,29,309,0,5.7333412
92.599998,.58999997,261,282,6,510,0,6.2344108
100,1.29,694,694,10,1289,1,7.161622
92.5,.51999998,297,321,22,364,1,5.8971539
43.299999,.15000001,384,886,7,1191,1,7.0825486
45.799999,.44,1690,3691,7,5865,1,8.6767578
67.199997,.19,117,174,6,305,1,5.7203116
100,.12,3565,3565,9,3565,1,8.1789198
79.300003,.70999998,107,135,5,216,1,5.3752785
78.800003,.46000001,761,966,8,980,0,6.8875527
100,.28999999,764,764,6,962,0,6.8690143
100,.38,113,113,8,185,0,5.220356
50.900002,.51999998,144,283,9,796,1,6.6795993
81.599998,.41999999,142,174,8,177,1,5.1761498
77.599998,.36000001,222,286,7,381,0,5.9427996
93.900002,.5,400,426,8,457,1,6.1246834
80.900002,.47,555,686,16,1399,0,7.2435131
100,.20999999,159,159,6,189,1,5.2417469
85.800003,.16,1138,1327,18,1328,0,7.1914291
100,1.01,121,121,6,537,1,6.2859979
100,.28999999,184,184,7,231,1,5.4424176
100,2.6400001,207,207,6,259,1,5.556828
100,.51999998,3405,3405,8,4792,0,8.4747028
70.900002,.41,100,141,8,141,1,4.94876
100,.94999999,183,183,5,223,1,5.4071717
100,1.04,1590,1590,12,1612,0,7.385231
91.800003,.97000003,167,182,9,525,1,6.2633982
72.099998,.12,202,280,6,1564,0,7.3550019
100,.43000001,98,98,12,167,1,5.1179938
74.699997,.38999999,74,99,8,170,1,5.1357985
72.900002,.81,3601,4937,6,7061,0,8.8623419
100,2.9000001,110,110,8,129,0,4.8598123
63.599998,.34,673,1059,9,2700,1,7.9010072
52.700001,.44999999,196,372,12,486,0,6.1862087
83.300003,.029999999,209,251,8,520,0,6.253829
84.900002,.27000001,118,139,18,148,0,4.9972124
100,.1,129,129,10,132,0,4.882802
70.900002,.5,280,395,5,1777,0,7.4826818
68.800003,.38,350,509,5,577,1,6.3578424
82.599998,.56,2282,2763,24,4090,0,8.3163004
100,.77999997,15923,15923,26,45000,0,10.714417
100,3.0999999,92,92,26,108,1,4.6821313
99.5,.70999998,5097,5123,41,8331,1,9.0277386
91.900002,.20999999,203,221,14,241,1,5.484797
68.699997,.19,1762,2566,7,3894,1,8.2671919
73.800003,.34999999,107,145,7,215,0,5.3706379
100,2.6700001,1376,1376,13,1376,1,7.2269359
78.5,.31,1772,2256,6,2332,0,7.7544813
99.199997,.40000001,2254,2273,36,18706,0,9.8365993
100,.87,193,193,8,193,0,5.2626901
79.099998,.50999999,121,153,8,6951,0,8.8466406
81,.98000002,162,200,7,236,0,5.4638319
93.099998,.64999998,256,275,7,398,0,5.9864521
100,.80000001,417,417,8,459,1,6.1290503
68.900002,.60000002,665,965,6,1603,1,7.379632
100,1.73,1086,1086,9,2817,0,7.9434276
59.599998,.050000001,271,455,8,507,0,6.2285109
100,3.24,2477,2477,30,3523,0,8.1670685
52.400002,.31,1392,2659,8,34393,0,10.445608
100,.99000001,325,325,39,439,1,6.0844994
54.900002,.40000001,203,370,7,521,0,6.2557502
100,4.02,432,432,34,660,0,6.49224
89.099998,1.4,212,238,31,469,1,6.1506028
60.599998,.059999999,829,1367,7,1828,0,7.5109777
85.099998,.33000001,553,650,24,907,0,6.8101425
100,2.52,142,142,17,197,1,5.2832036
100,2.27,1928,1928,35,2171,0,7.6829433
100,.57999998,166,166,8,931,1,6.8362594
100,.44999999,2179,2179,24,3187,0,8.0668354
