Strike,Expiry,Type,Vol,Open_Int,Underlying_Price
47.5,1/20/2017,put,277,739,96.69
47.5,1/19/2018,call,2,1,96.69
47.5,1/19/2018,put,2,375,96.69
50,2/5/2016,call,1,0,96.69
50,3/18/2016,call,4,0,96.69
50,3/18/2016,put,3,575,96.69
50,5/20/2016,call,1,0,96.69
50,5/20/2016,put,8,82,96.69
50,6/17/2016,put,6,11,96.69
50,7/15/2016,call,20,0,96.69
50,7/15/2016,put,50,57,96.69
50,10/21/2016,call,53,0,96.69
50,10/21/2016,put,3,99,96.69
50,1/20/2017,call,458,2165,96.69
50,1/20/2017,put,30,9927,96.69
50,6/16/2017,call,1,1,96.69
50,6/16/2017,put,1,1,96.69
50,1/19/2018,call,1,2131,96.69
50,1/19/2018,put,10,862,96.69
55,2/5/2016,call,7,0,96.69
55,2/19/2016,call,41,29,96.69
55,2/19/2016,put,135,4690,96.69
55,3/18/2016,put,6,8922,96.69
55,4/15/2016,call,53,42,96.69
55,4/15/2016,put,4,2395,96.69
55,5/20/2016,put,2,2,96.69
55,6/17/2016,call,460,2,96.69
55,6/17/2016,put,70,1776,96.69
55,7/15/2016,call,20,0,96.69
55,7/15/2016,put,1,161,96.69
55,10/21/2016,call,7,0,96.69
55,10/21/2016,put,5,232,96.69
55,1/20/2017,call,2200,2146,96.69
55,1/20/2017,put,79,6750,96.69
55,6/16/2017,call,15,15,96.69
55,6/16/2017,put,10,10,96.69
55,1/19/2018,call,1,1962,96.69
55,1/19/2018,put,5,2037,96.69
60,2/19/2016,call,43,12,96.69
60,2/19/2016,put,1,7095,96.69
60,3/18/2016,call,40,7,96.69
60,3/18/2016,put,10,1021,96.69
60,4/15/2016,call,570,153,96.69
60,4/15/2016,put,1,2756,96.69
60,5/20/2016,put,26,73,96.69
60,6/17/2016,call,13,51,96.69
60,6/17/2016,put,18,3649,96.69
60,7/15/2016,call,25,20,96.69
60,7/15/2016,put,30,216,96.69
60,10/21/2016,call,7,78,96.69
60,10/21/2016,put,105,1345,96.69
60,1/20/2017,call,20,8086,96.69
60,1/20/2017,put,160,10536,96.69
60,6/16/2017,call,3,3,96.69
60,6/16/2017,put,5,211,96.69
60,1/19/2018,call,1,2968,96.69
60,1/19/2018,put,1,2168,96.69
65,2/19/2016,call,45,1,96.69
65,2/19/2016,put,3,2090,96.69
65,2/26/2016,put,4,13,96.69
65,3/18/2016,call,1000,1,96.69
65,3/18/2016,put,14,1498,96.69
65,4/15/2016,call,1360,17,96.69
65,4/15/2016,put,11,1713,96.69
65,5/20/2016,call,2,0,96.69
65,5/20/2016,put,137,1733,96.69
65,6/17/2016,call,1,16,96.69
65,6/17/2016,put,34,2349,96.69
65,7/15/2016,call,2,102,96.69
65,7/15/2016,put,35,1092,96.69
65,10/21/2016,call,14,57,96.69
65,10/21/2016,put,167,1675,96.69
65,1/20/2017,call,2,3968,96.69
65,1/20/2017,put,353,9823,96.69
65,6/16/2017,call,46,46,96.69
65,1/19/2018,call,1,134,96.69
65,1/19/2018,put,5,1193,96.69
70,2/5/2016,call,40,1,96.69
70,2/5/2016,put,13,428,96.69
70,2/12/2016,put,1,32,96.69
70,2/19/2016,call,5,45,96.69
70,2/19/2016,put,30,3480,96.69
70,2/26/2016,call,20,0,96.69
70,2/26/2016,put,1,455,96.69
70,3/4/2016,put,3,41,96.69
70,3/18/2016,call,2260,69,96.69
70,3/18/2016,put,11,3086,96.69
70,4/15/2016,call,24,275,96.69
70,4/15/2016,put,82,1495,96.69
70,5/20/2016,call,1,14,96.69
70,5/20/2016,put,36,312,96.69
70,6/17/2016,call,50,190,96.69
70,6/17/2016,put,2,4139,96.69
70,7/15/2016,call,201,473,96.69
70,7/15/2016,put,20,1738,96.69
70,10/21/2016,call,2,367,96.69
70,10/21/2016,put,1,4286,96.69
70,1/20/2017,call,12,5162,96.69
70,1/20/2017,put,13,7212,96.69
70,6/16/2017,call,7,122,96.69
70,6/16/2017,put,2,12,96.69
70,1/19/2018,call,101,3823,96.69
70,1/19/2018,put,1,2734,96.69
75,2/5/2016,call,1,0,96.69
75,2/5/2016,put,20,464,96.69
75,2/12/2016,call,1,0,96.69
75,2/12/2016,put,25,530,96.69
75,2/19/2016,call,893,38,96.69
75,2/19/2016,put,79,5308,96.69
75,2/26/2016,call,4,0,96.69
75,2/26/2016,put,5,104,96.69
75,3/4/2016,call,3,2,96.69
75,3/4/2016,put,52,69,96.69
75,3/11/2016,put,7,11,96.69
75,3/18/2016,call,4060,46,96.69
75,3/18/2016,put,9,4291,96.69
75,4/15/2016,call,1,97,96.69
75,4/15/2016,put,87,2778,96.69
75,5/20/2016,call,20,21,96.69
75,5/20/2016,put,2,620,96.69
75,6/17/2016,call,3,139,96.69
75,6/17/2016,put,18,3530,96.69
75,7/15/2016,call,1,142,96.69
75,7/15/2016,put,14,4724,96.69
75,10/21/2016,call,6,75,96.69
75,10/21/2016,put,145,2467,96.69
75,1/20/2017,call,19,3490,96.69
75,1/20/2017,put,5,12293,96.69
75,6/16/2017,call,20,20,96.69
75,6/16/2017,put,9,33,96.69
75,1/19/2018,call,164,2396,96.69
75,1/19/2018,put,16,3032,96.69
76,2/5/2016,put,55,63,96.69
77,2/5/2016,call,4,0,96.69
77,2/5/2016,put,50,122,96.69
78,2/5/2016,call,4,0,96.69
78,2/5/2016,put,2,192,96.69
79,2/5/2016,call,4,0,96.69
79,2/5/2016,put,60,160,96.69
79,2/19/2016,put,1,6120,96.69
80,2/5/2016,call,5,85,96.69
80,2/5/2016,put,3,3268,96.69
80,2/12/2016,call,2,13,96.69
80,2/12/2016,put,6,1153,96.69
80,2/19/2016,call,2,297,96.69
80,2/19/2016,put,117,15927,96.69
80,2/26/2016,call,40,0,96.69
80,2/26/2016,put,11,339,96.69
80,3/4/2016,call,5,20,96.69
80,3/4/2016,put,50,153,96.69
80,3/11/2016,put,3,4,96.69
80,3/18/2016,call,213,875,96.69
80,3/18/2016,put,141,11849,96.69
80,4/15/2016,call,31,1329,96.69
80,4/15/2016,put,219,7331,96.69
80,5/20/2016,call,1,124,96.69
80,5/20/2016,put,200,2313,96.69
80,6/17/2016,call,3,2684,96.69
80,6/17/2016,put,11,5916,96.69
80,7/15/2016,call,67,1450,96.69
80,7/15/2016,put,155,2246,96.69
80,10/21/2016,call,1,208,96.69
80,10/21/2016,put,2,1774,96.69
80,1/20/2017,call,10,13884,96.69
80,1/20/2017,put,7,24364,96.69
80,6/16/2017,call,10,13,96.69
80,6/16/2017,put,3,56,96.69
80,1/19/2018,call,36,12863,96.69
80,1/19/2018,put,5,3880,96.69
81,2/5/2016,call,4,0,96.69
81,2/5/2016,put,16,171,96.69
81,2/19/2016,put,23,613,96.69
82,2/5/2016,put,4,338,96.69
82,2/12/2016,put,65,123,96.69
82,2/19/2016,call,6,0,96.69
82,2/19/2016,put,167,1094,96.69
83,2/5/2016,call,8,0,96.69
83,2/5/2016,put,3,639,96.69
83,2/12/2016,put,26,76,96.69
83,2/19/2016,call,281,0,96.69
83,2/19/2016,put,37,683,96.69
84,2/5/2016,call,1,0,96.69
84,2/5/2016,put,9,618,96.69
84,2/12/2016,put,70,97,96.69
84,2/19/2016,call,8,50,96.69
84,2/19/2016,put,36,493,96.69
85,2/5/2016,call,2,62,96.69
85,2/5/2016,put,599,3899,96.69
85,2/12/2016,call,49,6,96.69
85,2/12/2016,put,73,1446,96.69
85,2/19/2016,call,5970,224,96.69
85,2/19/2016,put,313,13389,96.69
85,2/26/2016,call,200,3,96.69
85,2/26/2016,put,4,490,96.69
85,3/4/2016,call,460,1,96.69
85,3/4/2016,put,2,590,96.69
85,3/11/2016,call,5,5,96.69
85,3/11/2016,put,1,153,96.69
85,3/18/2016,call,18,5637,96.69
85,3/18/2016,put,159,11408,96.69
85,4/15/2016,call,1,1091,96.69
85,4/15/2016,put,21,7755,96.69
85,5/20/2016,call,16,204,96.69
85,5/20/2016,put,12,4015,96.69
85,6/17/2016,call,2,638,96.69
85,6/17/2016,put,14,16964,96.69
85,7/15/2016,call,2,955,96.69
85,7/15/2016,put,1,2396,96.69
85,10/21/2016,call,30,545,96.69
85,10/21/2016,put,13,3384,96.69
85,1/20/2017,call,3,8027,96.69
85,1/20/2017,put,69,18584,96.69
85,6/16/2017,call,57,60,96.69
85,6/16/2017,put,7,17,96.69
85,1/19/2018,call,29,8715,96.69
85,1/19/2018,put,61,8755,96.69
85.5,2/5/2016,call,19,0,96.69
85.5,2/5/2016,put,210,466,96.69
85.5,2/12/2016,put,8,126,96.69
85.5,2/26/2016,put,10,41,96.69
85.5,3/4/2016,call,12,2,96.69
85.5,3/4/2016,put,1,32,96.69
85.5,3/11/2016,put,7,22,96.69
86,2/5/2016,call,50,0,96.69
86,2/5/2016,put,2,537,96.69
86,2/12/2016,call,6,0,96.69
86,2/12/2016,put,25,467,96.69
86,2/19/2016,call,18,75,96.69
86,2/19/2016,put,10,1313,96.69
86,2/26/2016,call,1,1,96.69
86,2/26/2016,put,30,84,96.69
86,3/4/2016,call,1,2,96.69
86,3/4/2016,put,6,42,96.69
86,3/11/2016,call,1,1,96.69
86,3/11/2016,put,3,35,96.69
86.5,2/5/2016,put,484,962,96.69
86.5,2/12/2016,put,43,312,96.69
86.5,2/26/2016,call,23,0,96.69
86.5,2/26/2016,put,8,46,96.69
86.5,3/4/2016,call,1,41,96.69
86.5,3/4/2016,put,6,39,96.69
86.5,3/11/2016,put,1,1,96.69
87,2/5/2016,call,2,0,96.69
87,2/5/2016,put,40,1781,96.69
87,2/12/2016,call,281,0,96.69
87,2/12/2016,put,25,240,96.69
87,2/19/2016,call,20,125,96.69
87,2/19/2016,put,12,4480,96.69
87,2/26/2016,call,8,9,96.69
87,2/26/2016,put,5,1849,96.69
87,3/4/2016,call,15,91,96.69
87,3/4/2016,put,21,135,96.69
87,3/11/2016,put,1,61,96.69
87.5,2/5/2016,call,4,0,96.69
87.5,2/5/2016,put,676,2003,96.69
87.5,2/12/2016,call,4,0,96.69
87.5,2/12/2016,put,60,489,96.69
87.5,2/26/2016,call,46,0,96.69
87.5,2/26/2016,put,27,112,96.69
87.5,3/4/2016,call,2,19,96.69
87.5,3/4/2016,put,17,34,96.69
87.5,3/11/2016,put,2,27,96.69
87.5,3/18/2016,call,65,2423,96.69
87.5,3/18/2016,put,109,4261,96.69
87.5,4/15/2016,call,33,204,96.69
87.5,4/15/2016,put,81,1682,96.69
87.5,5/20/2016,call,10,42,96.69
87.5,5/20/2016,put,8,5950,96.69
87.5,6/17/2016,call,50,194,96.69
87.5,6/17/2016,put,8,1098,96.69
87.5,7/15/2016,call,3,14,96.69
87.5,7/15/2016,put,1,1706,96.69
87.5,10/21/2016,call,11,23,96.69
87.5,10/21/2016,put,1,134,96.69
87.5,1/20/2017,call,16,763,96.69
87.5,1/20/2017,put,4,6222,96.69
87.5,6/16/2017,call,1,1,96.69
87.5,6/16/2017,put,5,4,96.69
87.5,1/19/2018,call,5,383,96.69
87.5,1/19/2018,put,4,88,96.69
88,2/5/2016,call,8,9,96.69
88,2/5/2016,put,8,1039,96.69
88,2/12/2016,call,8,0,96.69
88,2/12/2016,put,30,313,96.69
88,2/19/2016,call,3216,144,96.69
88,2/19/2016,put,133,2528,96.69
88,2/26/2016,call,10,130,96.69
88,2/26/2016,put,4,186,96.69
88,3/4/2016,call,1,29,96.69
88,3/4/2016,put,10,93,96.69
88,3/11/2016,put,38,104,96.69
88.5,2/5/2016,put,698,1809,96.69
88.5,2/12/2016,put,20,145,96.69
88.5,2/26/2016,call,29,96,96.69
88.5,2/26/2016,put,13,99,96.69
88.5,3/4/2016,call,2,13,96.69
88.5,3/4/2016,put,3,47,96.69
88.5,3/11/2016,put,19,19,96.69
89,2/5/2016,call,22,20,96.69
89,2/5/2016,put,566,2128,96.69
89,2/12/2016,call,4,0,96.69
89,2/12/2016,put,18,728,96.69
89,2/19/2016,call,3296,88,96.69
89,2/19/2016,put,91,1958,96.69
89,2/26/2016,call,6,218,96.69
89,2/26/2016,put,67,2843,96.69
89,3/4/2016,call,19,120,96.69
89,3/4/2016,put,1,122,96.69
89,3/11/2016,call,1,1,96.69
89,3/11/2016,put,45,103,96.69
89.5,2/5/2016,call,5,0,96.69
89.5,2/5/2016,put,292,1856,96.69
89.5,2/12/2016,call,10,0,96.69
89.5,2/12/2016,put,60,195,96.69
89.5,2/19/2016,call,1044,28,96.69
89.5,2/19/2016,put,15,1322,96.69
89.5,2/26/2016,call,86,151,96.69
89.5,2/26/2016,put,39,362,96.69
89.5,3/4/2016,call,1,50,96.69
89.5,3/4/2016,put,36,164,96.69
89.5,3/11/2016,call,1,1,96.69
89.5,3/11/2016,put,13,36,96.69
90,2/5/2016,call,160,203,96.69
90,2/5/2016,put,417,20727,96.69
90,2/12/2016,call,1022,69,96.69
90,2/12/2016,put,222,14053,96.69
90,2/19/2016,call,57,2006,96.69
90,2/19/2016,put,892,41567,96.69
90,2/26/2016,call,23,1372,96.69
90,2/26/2016,put,18,3130,96.69
90,3/4/2016,call,4,88,96.69
90,3/4/2016,put,111,5634,96.69
90,3/11/2016,call,1,22,96.69
90,3/11/2016,put,2,62,96.69
90,3/18/2016,call,85,6364,96.69
90,3/18/2016,put,865,31346,96.69
90,4/15/2016,call,12,3603,96.69
90,4/15/2016,put,46,11529,96.69
90,5/20/2016,call,5,1285,96.69
90,5/20/2016,put,129,7793,96.69
90,6/17/2016,call,13,1781,96.69
90,6/17/2016,put,49,8142,96.69
90,7/15/2016,call,25,1109,96.69
90,7/15/2016,put,9,4447,96.69
90,10/21/2016,call,13,738,96.69
90,10/21/2016,put,12,3650,96.69
90,1/20/2017,call,10,22871,96.69
90,1/20/2017,put,16,26859,96.69
90,6/16/2017,call,3,73,96.69
90,6/16/2017,put,10,611,96.69
90,1/19/2018,call,44,9619,96.69
90,1/19/2018,put,19,11518,96.69
90.5,2/5/2016,call,21,0,96.69
90.5,2/5/2016,put,231,1702,96.69
90.5,2/12/2016,call,33,0,96.69
90.5,2/12/2016,put,98,112,96.69
90.5,2/19/2016,call,12,1011,96.69
90.5,2/19/2016,put,13,2678,96.69
90.5,2/26/2016,call,1,54,96.69
90.5,2/26/2016,put,1,453,96.69
90.5,3/4/2016,call,40,19,96.69
90.5,3/4/2016,put,28,97,96.69
90.5,3/11/2016,call,5,5,96.69
90.5,3/11/2016,put,6,36,96.69
91,2/5/2016,call,320,10,96.69
91,2/5/2016,put,466,3667,96.69
91,2/12/2016,call,9,8,96.69
91,2/12/2016,put,50,1681,96.69
91,2/19/2016,call,27,1418,96.69
91,2/19/2016,put,83,7822,96.69
91,2/26/2016,call,10,306,96.69
91,2/26/2016,put,74,402,96.69
91,3/4/2016,call,1,108,96.69
91,3/4/2016,put,43,216,96.69
91,3/11/2016,call,15,16,96.69
91,3/11/2016,put,12,88,96.69
91.5,2/5/2016,call,3,4,96.69
91.5,2/5/2016,put,62,2665,96.69
91.5,2/12/2016,call,1,4,96.69
91.5,2/12/2016,put,83,359,96.69
91.5,2/19/2016,call,39,1167,96.69
91.5,2/19/2016,put,84,2014,96.69
91.5,2/26/2016,call,1,116,96.69
91.5,2/26/2016,put,6,223,96.69
91.5,3/4/2016,call,20,38,96.69
91.5,3/4/2016,put,33,167,96.69
91.5,3/11/2016,put,15,29,96.69
92,2/5/2016,call,61,117,96.69
92,2/5/2016,put,3210,7740,96.69
92,2/12/2016,call,41,70,96.69
92,2/12/2016,put,152,1280,96.69
92,2/19/2016,call,1035,2915,96.69
92,2/19/2016,put,106,3183,96.69
92,2/26/2016,call,32,185,96.69
92,2/26/2016,put,80,389,96.69
92,3/4/2016,call,3,73,96.69
92,3/4/2016,put,8,333,96.69
92,3/11/2016,call,1,11,96.69
92,3/11/2016,put,2,100,96.69
92.5,2/5/2016,call,937,79,96.69
92.5,2/5/2016,put,608,4093,96.69
92.5,2/12/2016,call,17,194,96.69
92.5,2/12/2016,put,43,377,96.69
92.5,2/19/2016,call,11,4130,96.69
92.5,2/19/2016,put,331,11107,96.69
92.5,2/26/2016,call,32,87,96.69
92.5,2/26/2016,put,1,243,96.69
92.5,3/4/2016,call,10,126,96.69
92.5,3/4/2016,put,19,216,96.69
92.5,3/11/2016,call,2,1,96.69
92.5,3/11/2016,put,7,33,96.69
92.5,3/18/2016,call,148,2799,96.69
92.5,3/18/2016,put,542,6992,96.69
92.5,4/15/2016,call,45,1184,96.69
92.5,4/15/2016,put,20,3989,96.69
92.5,5/20/2016,call,20,267,96.69
92.5,5/20/2016,put,3,1033,96.69
92.5,6/17/2016,call,11,559,96.69
92.5,6/17/2016,put,68,3033,96.69
92.5,7/15/2016,call,11,283,96.69
92.5,7/15/2016,put,5,841,96.69
92.5,10/21/2016,call,14,600,96.69
92.5,10/21/2016,put,53,762,96.69
92.5,1/20/2017,call,14,1950,96.69
92.5,1/20/2017,put,5,7843,96.69
92.5,6/16/2017,call,10,5,96.69
92.5,1/19/2018,call,10,522,96.69
92.5,1/19/2018,put,57,1320,96.69
93,2/5/2016,call,163,537,96.69
93,2/5/2016,put,1133,5844,96.69
93,2/12/2016,call,21,664,96.69
93,2/12/2016,put,323,840,96.69
93,2/19/2016,call,17,2559,96.69
93,2/19/2016,put,252,3893,96.69
93,2/26/2016,call,2,323,96.69
93,2/26/2016,put,3,385,96.69
93,3/4/2016,call,1,98,96.69
93,3/4/2016,put,6,225,96.69
93,3/11/2016,call,36,78,96.69
93,3/11/2016,put,11,17,96.69
93.5,2/5/2016,call,25,74,96.69
93.5,2/5/2016,put,2124,4983,96.69
93.5,2/12/2016,call,8,144,96.69
93.5,2/12/2016,put,115,517,96.69
93.5,2/19/2016,call,71,1861,96.69
93.5,2/19/2016,put,426,2584,96.69
93.5,2/26/2016,call,11,189,96.69
93.5,2/26/2016,put,1,299,96.69
93.5,3/4/2016,call,25,90,96.69
93.5,3/4/2016,put,2,167,96.69
93.5,3/11/2016,call,1,2,96.69
93.5,3/11/2016,put,18,54,96.69
94,2/5/2016,call,470,921,96.69
94,2/5/2016,put,4977,5098,96.69
94,2/12/2016,call,69,907,96.69
94,2/12/2016,put,1074,1850,96.69
94,2/19/2016,call,242,2897,96.69
94,2/19/2016,put,473,4200,96.69
94,2/26/2016,call,13,331,96.69
94,2/26/2016,put,6,3021,96.69
94,3/4/2016,call,2,161,96.69
94,3/4/2016,put,31,223,96.69
94,3/11/2016,call,1,31,96.69
94,3/11/2016,put,6,323,96.69
94.5,2/5/2016,call,520,424,96.69
94.5,2/5/2016,put,1035,3349,96.69
94.5,2/12/2016,call,20,0,96.69
94.5,2/12/2016,put,626,2672,96.69
94.5,2/19/2016,call,160,2926,96.69
94.5,2/19/2016,put,495,2413,96.69
94.5,2/26/2016,call,102,183,96.69
94.5,2/26/2016,put,1,212,96.69
94.5,3/4/2016,call,1,70,96.69
94.5,3/4/2016,put,1,253,96.69
94.5,3/11/2016,call,5,25,96.69
94.5,3/11/2016,put,8,39,96.69
95,2/5/2016,call,4185,6435,96.69
95,2/5/2016,put,5373,9057,96.69
95,2/12/2016,call,370,1972,96.69
95,2/12/2016,put,926,6948,96.69
95,2/19/2016,call,2060,13606,96.69
95,2/19/2016,put,1841,36644,96.69
95,2/26/2016,call,24,1000,96.69
95,2/26/2016,put,24,1580,96.69
95,3/4/2016,call,49,256,96.69
95,3/4/2016,put,27,409,96.69
95,3/11/2016,call,12,87,96.69
95,3/11/2016,put,5,114,96.69
95,3/18/2016,call,404,10914,96.69
95,3/18/2016,put,360,16047,96.69
95,4/15/2016,call,665,8145,96.69
95,4/15/2016,put,59,15024,96.69
95,5/20/2016,call,112,1869,96.69
95,5/20/2016,put,14,1629,96.69
95,6/17/2016,call,62,2992,96.69
95,6/17/2016,put,44,12439,96.69
95,7/15/2016,call,23,2625,96.69
95,7/15/2016,put,34,4081,96.69
95,10/21/2016,call,20,3738,96.69
95,10/21/2016,put,65,7071,96.69
95,1/20/2017,call,59,18197,96.69
95,1/20/2017,put,6,22949,96.69
95,6/16/2017,call,56,85,96.69
95,6/16/2017,put,12,276,96.69
95,1/19/2018,call,13,21041,96.69
95,1/19/2018,put,1,12381,96.69
95.5,2/5/2016,call,2817,5913,96.69
95.5,2/5/2016,put,1548,3804,96.69
95.5,2/12/2016,call,111,992,96.69
95.5,2/12/2016,put,49,491,96.69
95.5,2/19/2016,call,403,2730,96.69
95.5,2/19/2016,put,184,2224,96.69
95.5,2/26/2016,call,22,347,96.69
95.5,2/26/2016,put,10,283,96.69
95.5,3/4/2016,call,17,252,96.69
95.5,3/4/2016,put,2,488,96.69
95.5,3/11/2016,call,19,48,96.69
95.5,3/11/2016,put,52,94,96.69
96,2/5/2016,call,6429,10920,96.69
96,2/5/2016,put,4746,5705,96.69
96,2/12/2016,call,1005,1381,96.69
96,2/12/2016,put,316,1239,96.69
96,2/19/2016,call,681,4754,96.69
96,2/19/2016,put,255,3240,96.69
96,2/26/2016,call,10,397,96.69
96,2/26/2016,put,111,345,96.69
96,3/4/2016,call,42,261,96.69
96,3/4/2016,put,5,96,96.69
96,3/11/2016,call,24,142,96.69
96,3/11/2016,put,3,106,96.69
96.5,2/5/2016,call,3135,4433,96.69
96.5,2/5/2016,put,983,1728,96.69
96.5,2/12/2016,call,357,3574,96.69
96.5,2/12/2016,put,305,576,96.69
96.5,2/19/2016,call,537,2783,96.69
96.5,2/19/2016,put,131,1547,96.69
96.5,2/26/2016,call,34,210,96.69
96.5,2/26/2016,put,7,160,96.69
96.5,3/4/2016,call,23,299,96.69
96.5,3/4/2016,put,3,54,96.69
96.5,3/11/2016,call,1,449,96.69
96.5,3/11/2016,put,4,16,96.69
97,2/5/2016,call,7045,12709,96.69
97,2/5/2016,put,904,5192,96.69
97,2/12/2016,call,442,2056,96.69
97,2/12/2016,put,197,1085,96.69
97,2/19/2016,call,525,5018,96.69
97,2/19/2016,put,228,1674,96.69
97,2/26/2016,call,34,573,96.69
97,2/26/2016,put,5,287,96.69
97,3/4/2016,call,28,322,96.69
97,3/4/2016,put,5,63,96.69
97,3/11/2016,call,1,61,96.69
97,3/11/2016,put,25,53,96.69
97.5,2/5/2016,call,1966,12134,96.69
97.5,2/5/2016,put,346,502,96.69
97.5,2/12/2016,call,334,2484,96.69
97.5,2/12/2016,put,29,413,96.69
97.5,2/19/2016,call,61,6557,96.69
97.5,2/19/2016,put,162,12407,96.69
97.5,2/26/2016,call,1,294,96.69
97.5,2/26/2016,put,70,251,96.69
97.5,3/4/2016,call,22,156,96.69
97.5,3/4/2016,put,38,79,96.69
97.5,3/11/2016,call,15,177,96.69
97.5,3/11/2016,put,2,38,96.69
97.5,3/18/2016,call,579,5788,96.69
97.5,3/18/2016,put,215,8111,96.69
97.5,4/15/2016,call,93,3732,96.69
97.5,4/15/2016,put,4,2966,96.69
97.5,5/20/2016,call,49,5319,96.69
97.5,5/20/2016,put,3,1204,96.69
97.5,6/17/2016,call,269,3512,96.69
97.5,6/17/2016,put,7,2608,96.69
97.5,7/15/2016,call,20,3695,96.69
97.5,7/15/2016,put,8,1275,96.69
97.5,10/21/2016,call,63,2180,96.69
97.5,10/21/2016,put,39,1953,96.69
97.5,1/20/2017,call,5,6254,96.69
97.5,1/20/2017,put,5,8996,96.69
97.5,6/16/2017,call,51,52,96.69
97.5,6/16/2017,put,40,40,96.69
97.5,1/19/2018,call,65,1610,96.69
97.5,1/19/2018,put,2,1862,96.69
98,2/5/2016,call,2590,11510,96.69
98,2/5/2016,put,2570,1658,96.69
98,2/12/2016,call,405,2505,96.69
98,2/12/2016,put,12,744,96.69
98,2/19/2016,call,331,4160,96.69
98,2/19/2016,put,27,656,96.69
98,2/26/2016,call,11,440,96.69
98,2/26/2016,put,12,422,96.69
98,3/4/2016,call,7,373,96.69
98,3/4/2016,put,13,88,96.69
98,3/11/2016,call,3,41,96.69
98,3/11/2016,put,5,30,96.69
98.5,2/5/2016,call,1770,2410,96.69
98.5,2/5/2016,put,11,559,96.69
98.5,2/12/2016,call,67,929,96.69
98.5,2/12/2016,put,14,204,96.69
98.5,2/19/2016,call,141,1678,96.69
98.5,2/19/2016,put,43,721,96.69
98.5,2/26/2016,call,76,336,96.69
98.5,2/26/2016,put,30,315,96.69
98.5,3/4/2016,call,1,570,96.69
98.5,3/4/2016,put,4,55,96.69
98.5,3/11/2016,call,2,30,96.69
98.5,3/11/2016,put,2,6,96.69
99,2/5/2016,call,1320,5773,96.69
99,2/5/2016,put,40,752,96.69
99,2/12/2016,call,148,2194,96.69
99,2/12/2016,put,4,259,96.69
99,2/19/2016,call,592,3590,96.69
99,2/19/2016,put,6,803,96.69
99,2/26/2016,call,10,684,96.69
99,2/26/2016,put,32,312,96.69
99,3/4/2016,call,8,184,96.69
99,3/4/2016,put,19,110,96.69
99,3/11/2016,call,2,82,96.69
99,3/11/2016,put,10,49,96.69
99.5,2/5/2016,call,423,3084,96.69
99.5,2/5/2016,put,1,438,96.69
99.5,2/12/2016,call,36,2432,96.69
99.5,2/12/2016,put,41,1949,96.69
99.5,2/19/2016,call,134,2757,96.69
99.5,2/19/2016,put,17,1087,96.69
99.5,2/26/2016,call,2,426,96.69
99.5,2/26/2016,put,1,159,96.69
99.5,3/4/2016,call,12,88,96.69
99.5,3/4/2016,put,19,108,96.69
99.5,3/11/2016,call,3,48,96.69
99.5,3/11/2016,put,16,17,96.69
100,2/5/2016,call,1059,17194,96.69
100,2/5/2016,put,229,2640,96.69
100,2/12/2016,call,596,5834,96.69
100,2/12/2016,put,107,783,96.69
100,2/19/2016,call,960,73984,96.69
100,2/19/2016,put,329,74939,96.69
100,2/26/2016,call,1458,5222,96.69
100,2/26/2016,put,398,1186,96.69
100,3/4/2016,call,55,2793,96.69
100,3/4/2016,put,19,940,96.69
100,3/11/2016,call,10,388,96.69
100,3/11/2016,put,1,2,96.69
100,3/18/2016,call,1360,58370,96.69
100,3/18/2016,put,122,69238,96.69
100,4/15/2016,call,989,62175,96.69
100,4/15/2016,put,61,63773,96.69
100,5/20/2016,call,145,4692,96.69
100,5/20/2016,put,11,3262,96.69
100,6/17/2016,call,58,18846,96.69
100,6/17/2016,put,12,17125,96.69
100,7/15/2016,call,33,9527,96.69
100,7/15/2016,put,2,13251,96.69
100,10/21/2016,call,11,10876,96.69
100,10/21/2016,put,2,3918,96.69
100,1/20/2017,call,119,142520,96.69
100,1/20/2017,put,17,50140,96.69
100,6/16/2017,call,10,156,96.69
100,6/16/2017,put,11,216,96.69
100,1/19/2018,call,15,30266,96.69
100,1/19/2018,put,3,21420,96.69
101,2/5/2016,call,168,6601,96.69
101,2/5/2016,put,5,3871,96.69
101,2/12/2016,call,157,1880,96.69
101,2/12/2016,put,5,606,96.69
101,2/19/2016,call,205,3966,96.69
101,2/19/2016,put,3,2503,96.69
101,2/26/2016,call,10,2732,96.69
101,2/26/2016,put,1,146,96.69
101,3/4/2016,call,6,601,96.69
101,3/4/2016,put,7,38,96.69
101,3/11/2016,call,1,815,96.69
101,3/11/2016,put,10,19,96.69
102,2/5/2016,call,2,5976,96.69
102,2/5/2016,put,28,762,96.69
102,2/12/2016,call,272,2227,96.69
102,2/12/2016,put,10,433,96.69
102,2/19/2016,call,92,27207,96.69
102,2/19/2016,put,29,1662,96.69
102,2/26/2016,call,18,1368,96.69
102,2/26/2016,put,1,220,96.69
102,3/4/2016,call,68,571,96.69
102,3/4/2016,put,3,53,96.69
102,3/11/2016,call,23,439,96.69
102,3/11/2016,put,19,19,96.69
103,2/5/2016,call,22,3659,96.69
103,2/5/2016,put,71,857,96.69
103,2/12/2016,call,51,2349,96.69
103,2/12/2016,put,22,1538,96.69
103,2/19/2016,call,10,7149,96.69
103,2/19/2016,put,5,1901,96.69
103,2/26/2016,call,50,509,96.69
103,2/26/2016,put,1,283,96.69
103,3/4/2016,call,14,354,96.69
103,3/4/2016,put,11,42,96.69
103,3/11/2016,call,9,1331,96.69
103,3/11/2016,put,3,8,96.69
104,2/5/2016,call,20,1839,96.69
104,2/5/2016,put,1,478,96.69
104,2/12/2016,call,21,679,96.69
104,2/12/2016,put,2,225,96.69
104,2/19/2016,call,380,4525,96.69
104,2/19/2016,put,11,1275,96.69
104,2/26/2016,call,54,3055,96.69
104,2/26/2016,put,6,119,96.69
104,3/4/2016,call,15,320,96.69
104,3/4/2016,put,1,58,96.69
104,3/11/2016,call,11,1041,96.69
104,3/11/2016,put,3,3,96.69
105,2/5/2016,call,20,15084,96.69
105,2/5/2016,put,28,1308,96.69
105,2/12/2016,call,30,4255,96.69
105,2/12/2016,put,42,192,96.69
105,2/19/2016,call,363,80880,96.69
105,2/19/2016,put,1318,36765,96.69
105,2/26/2016,call,22,2303,96.69
105,2/26/2016,put,377,607,96.69
105,3/4/2016,call,20,868,96.69
105,3/4/2016,put,1,93,96.69
105,3/11/2016,call,5,335,96.69
105,3/11/2016,put,41,42,96.69
105,3/18/2016,call,1587,50976,96.69
105,3/18/2016,put,21,18506,96.69
105,4/15/2016,call,660,26999,96.69
105,4/15/2016,put,14,12183,96.69
105,5/20/2016,call,29,4898,96.69
105,5/20/2016,put,10,746,96.69
105,6/17/2016,call,48,8709,96.69
105,6/17/2016,put,3,18618,96.69
105,7/15/2016,call,18,7133,96.69
105,7/15/2016,put,6,8717,96.69
105,10/21/2016,call,5,3440,96.69
105,10/21/2016,put,5,1760,96.69
105,1/20/2017,call,4,19528,96.69
105,1/20/2017,put,12,36136,96.69
105,6/16/2017,call,50,253,96.69
105,6/16/2017,put,80,265,96.69
105,1/19/2018,call,12,8113,96.69
105,1/19/2018,put,112,6360,96.69
106,2/5/2016,call,36,1970,96.69
106,2/5/2016,put,41,508,96.69
106,2/12/2016,call,105,696,96.69
106,2/12/2016,put,8,170,96.69
106,2/19/2016,call,21,2702,96.69
106,2/19/2016,put,1,1290,96.69
106,2/26/2016,call,8,468,96.69
106,2/26/2016,put,1,211,96.69
106,3/4/2016,call,34,480,96.69
106,3/4/2016,put,15,20,96.69
107,2/5/2016,call,35,2269,96.69
107,2/5/2016,put,10,344,96.69
107,2/12/2016,call,36,731,96.69
107,2/12/2016,put,12,327,96.69
107,2/19/2016,call,39,3245,96.69
107,2/19/2016,put,10,708,96.69
107,2/26/2016,call,6,915,96.69
107,2/26/2016,put,20,659,96.69
108,2/5/2016,call,6,1602,96.69
108,2/5/2016,put,6,207,96.69
108,2/12/2016,call,58,2238,96.69
108,2/12/2016,put,1,122,96.69
108,2/19/2016,call,1,2468,96.69
108,2/19/2016,put,2,785,96.69
108,2/26/2016,call,23,450,96.69
108,2/26/2016,put,85,304,96.69
109,2/5/2016,call,76,1745,96.69
109,2/5/2016,put,3,176,96.69
109,2/12/2016,call,1,782,96.69
109,2/12/2016,put,1,151,96.69
109,2/19/2016,call,1,4788,96.69
109,2/19/2016,put,6,0,96.69
109,2/26/2016,call,16,369,96.69
109,2/26/2016,put,2,355,96.69
110,2/5/2016,call,13,7408,96.69
110,2/5/2016,put,2,351,96.69
110,2/12/2016,call,40,5674,96.69
110,2/12/2016,put,16,195,96.69
110,2/19/2016,call,10,118982,96.69
110,2/19/2016,put,88,71336,96.69
110,2/26/2016,call,1,2298,96.69
110,2/26/2016,put,1,584,96.69
110,3/4/2016,call,2,1581,96.69
110,3/4/2016,put,5,54,96.69
110,3/11/2016,call,14,75,96.69
110,3/11/2016,put,5,6,96.69
110,3/18/2016,call,421,39474,96.69
110,3/18/2016,put,71,29850,96.69
110,4/15/2016,call,415,41786,96.69
110,4/15/2016,put,207,31160,96.69
110,5/20/2016,call,25,20240,96.69
110,5/20/2016,put,181,723,96.69
110,6/17/2016,call,39,36583,96.69
110,6/17/2016,put,11,21388,96.69
110,7/15/2016,call,6,6680,96.69
110,7/15/2016,put,69,6614,96.69
110,10/21/2016,call,48,6976,96.69
110,10/21/2016,put,6,1431,96.69
110,1/20/2017,call,193,46314,96.69
110,1/20/2017,put,4,48345,96.69
110,6/16/2017,call,1,81,96.69
110,6/16/2017,put,6,6,96.69
110,1/19/2018,call,57,15842,96.69
110,1/19/2018,put,1,9905,96.69
111,2/5/2016,call,212,2174,96.69
111,2/5/2016,put,8,59,96.69
111,2/12/2016,call,1,531,96.69
111,2/12/2016,put,3,68,96.69
111,2/19/2016,call,101,1191,96.69
111,2/19/2016,put,1,152,96.69
111,2/26/2016,call,165,412,96.69
111,2/26/2016,put,1,243,96.69
112,2/5/2016,call,5,1798,96.69
112,2/5/2016,put,15,60,96.69
112,2/12/2016,call,8,3587,96.69
112,2/12/2016,put,1,213,96.69
112,2/19/2016,call,11,1135,96.69
112,2/19/2016,put,2,75,96.69
112,2/26/2016,call,4,1776,96.69
112,2/26/2016,put,1,391,96.69
113,2/5/2016,call,5,1084,96.69
113,2/5/2016,put,6,71,96.69
113,2/12/2016,call,15,524,96.69
113,2/12/2016,put,7,42,96.69
113,2/19/2016,call,15,1034,96.69
113,2/19/2016,put,3,59,96.69
113,2/26/2016,call,2,165,96.69
113,2/26/2016,put,10,102,96.69
114,2/5/2016,call,1,950,96.69
114,2/5/2016,put,10,45,96.69
114,2/12/2016,call,14,773,96.69
114,2/12/2016,put,34,157,96.69
114,2/19/2016,call,20,647,96.69
114,2/19/2016,put,32,47,96.69
114,2/26/2016,call,29,589,96.69
114,2/26/2016,put,1,151,96.69
115,2/5/2016,call,10,4741,96.69
115,2/5/2016,put,57,306,96.69
115,2/12/2016,call,43,803,96.69
115,2/12/2016,put,15,123,96.69
115,2/19/2016,call,68,118023,96.69
115,2/19/2016,put,45,85792,96.69
115,2/26/2016,call,2,497,96.69
115,2/26/2016,put,30,169,96.69
115,3/4/2016,call,77,483,96.69
115,3/4/2016,put,1,13,96.69
115,3/18/2016,call,452,28914,96.69
115,3/18/2016,put,4,22121,96.69
115,4/15/2016,call,127,48250,96.69
115,4/15/2016,put,20,32959,96.69
115,5/20/2016,call,1,3474,96.69
115,5/20/2016,put,4,220,96.69
115,6/17/2016,call,494,13035,96.69
115,6/17/2016,put,10,15295,96.69
115,7/15/2016,call,10,9495,96.69
115,7/15/2016,put,56,5211,96.69
115,10/21/2016,call,13,3553,96.69
115,10/21/2016,put,13,1562,96.69
115,1/20/2017,call,103,31647,96.69
115,1/20/2017,put,4,25128,96.69
115,6/16/2017,call,1,49,96.69
115,6/16/2017,put,27,33,96.69
115,1/19/2018,call,34,5510,96.69
115,1/19/2018,put,3,1574,96.69
116,2/5/2016,call,2,736,96.69
116,2/5/2016,put,1,123,96.69
116,2/12/2016,call,1,74,96.69
116,2/12/2016,put,32,63,96.69
116,2/19/2016,call,186,1053,96.69
116,2/19/2016,put,1,40,96.69
116,2/26/2016,call,43,111,96.69
116,2/26/2016,put,1,9,96.69
117,2/5/2016,call,3,234,96.69
117,2/5/2016,put,30,62,96.69
117,2/12/2016,call,4,73,96.69
117,2/12/2016,put,3,80,96.69
117,2/19/2016,call,100,409,96.69
117,2/19/2016,put,27,31,96.69
117,2/26/2016,call,32,129,96.69
117,2/26/2016,put,20,110,96.69
118,2/5/2016,call,3,846,96.69
118,2/5/2016,put,4,69,96.69
118,2/12/2016,call,1,62,96.69
118,2/12/2016,put,1,53,96.69
118,2/19/2016,call,36,156,96.69
118,2/19/2016,put,54,39,96.69
118,2/26/2016,call,19,76,96.69
118,2/26/2016,put,3,93,96.69
119,2/5/2016,call,2,100,96.69
119,2/5/2016,put,14,119,96.69
119,2/12/2016,call,1,98,96.69
119,2/12/2016,put,19,115,96.69
119,2/19/2016,call,173,276,96.69
119,2/19/2016,put,19,19,96.69
119,2/26/2016,call,100,130,96.69
119,2/26/2016,put,14,98,96.69
120,2/5/2016,call,3,1725,96.69
120,2/5/2016,put,5,48,96.69
120,2/12/2016,call,188,380,96.69
120,2/12/2016,put,5,60,96.69
120,2/19/2016,call,10,57766,96.69
120,2/19/2016,put,13,13289,96.69
120,2/26/2016,call,10,191,96.69
120,2/26/2016,put,54,122,96.69
120,3/4/2016,call,5,237,96.69
120,3/4/2016,put,5,26,96.69
120,3/18/2016,call,158,15034,96.69
120,3/18/2016,put,10,5491,96.69
120,4/15/2016,call,45,36191,96.69
120,4/15/2016,put,13,14144,96.69
120,5/20/2016,call,11,2366,96.69
120,5/20/2016,put,4,240,96.69
120,6/17/2016,call,13,28200,96.69
120,6/17/2016,put,4,14222,96.69
120,7/15/2016,call,46,7762,96.69
120,7/15/2016,put,1,2050,96.69
120,10/21/2016,call,2,4563,96.69
120,10/21/2016,put,1,1633,96.69
120,1/20/2017,call,310,79694,96.69
120,1/20/2017,put,11,31232,96.69
120,6/16/2017,call,4,101,96.69
120,6/16/2017,put,1,45,96.69
120,1/19/2018,call,8,30712,96.69
120,1/19/2018,put,3,15831,96.69
121,2/5/2016,call,2,209,96.69
121,2/5/2016,put,10,20,96.69
121,2/12/2016,call,2,93,96.69
121,2/12/2016,put,5,106,96.69
121,2/19/2016,call,145,484,96.69
121,2/26/2016,call,30,133,96.69
121,2/26/2016,put,8,146,96.69
122,2/5/2016,call,25,235,96.69
122,2/5/2016,put,51,119,96.69
122,2/12/2016,call,2,34,96.69
122,2/12/2016,put,5,8,96.69
122,2/19/2016,call,35,365,96.69
122,2/19/2016,put,2,7,96.69
123,2/5/2016,call,11,43,96.69
123,2/5/2016,put,10,14,96.69
123,2/12/2016,call,3,36,96.69
123,2/12/2016,put,5,7,96.69
123,2/19/2016,call,20,214,96.69
123,2/19/2016,put,17,627,96.69
124,2/5/2016,call,32,76,96.69
124,2/5/2016,put,16,16,96.69
124,2/12/2016,call,14,15,96.69
124,2/12/2016,put,1,19,96.69
124,2/19/2016,call,10,93,96.69
124,2/19/2016,put,17,17,96.69
125,2/5/2016,call,2,246,96.69
125,2/5/2016,put,4,49,96.69
125,2/12/2016,call,10,125,96.69
125,2/12/2016,put,11,68,96.69
125,2/19/2016,call,40,26798,96.69
125,2/19/2016,put,23,4454,96.69
125,2/26/2016,call,110,413,96.69
125,2/26/2016,put,5,9,96.69
125,3/18/2016,call,5,10391,96.69
125,3/18/2016,put,1,2332,96.69
125,4/15/2016,call,2646,26235,96.69
125,4/15/2016,put,63,5973,96.69
125,5/20/2016,call,13,872,96.69
125,5/20/2016,put,27,190,96.69
125,6/17/2016,call,10,15777,96.69
125,6/17/2016,put,4,6532,96.69
125,7/15/2016,call,78,6826,96.69
125,7/15/2016,put,4,3581,96.69
125,10/21/2016,call,1,3061,96.69
125,10/21/2016,put,1,590,96.69
125,1/20/2017,call,41,44190,96.69
125,1/20/2017,put,1,22878,96.69
125,6/16/2017,call,1,17,96.69
125,6/16/2017,put,20,28,96.69
125,1/19/2018,call,24,6527,96.69
125,1/19/2018,put,20,3680,96.69
126,2/5/2016,call,116,94,96.69
126,2/5/2016,put,11,11,96.69
126,2/19/2016,call,3,103,96.69
126,2/19/2016,put,1,1,96.69
127,2/5/2016,call,2,12,96.69
127,2/5/2016,put,5,5,96.69
127,2/19/2016,call,70,150,96.69
127,2/19/2016,put,3,3,96.69
128,2/5/2016,call,2,3,96.69
128,2/5/2016,put,11,71,96.69
128,2/19/2016,call,14,383,96.69
129,2/5/2016,call,2,401,96.69
129,2/5/2016,put,1,41,96.69
129,2/19/2016,put,35,35,96.69
130,2/5/2016,put,10,15,96.69
130,2/19/2016,call,19,24554,96.69
130,2/19/2016,put,1,4164,96.69
130,3/18/2016,call,7,7189,96.69
130,3/18/2016,put,2,2017,96.69
130,4/15/2016,call,170,38046,96.69
130,4/15/2016,put,5,3492,96.69
130,5/20/2016,call,11,5644,96.69
130,5/20/2016,put,4,23,96.69
130,6/17/2016,call,10,15350,96.69
130,6/17/2016,put,2,3189,96.69
130,7/15/2016,call,53,6929,96.69
130,7/15/2016,put,30,638,96.69
130,10/21/2016,call,5,35185,96.69
130,10/21/2016,put,5,630,96.69
130,1/20/2017,call,175,101456,96.69
130,1/20/2017,put,77,14301,96.69
130,6/16/2017,call,3,45,96.69
130,1/19/2018,call,144,29002,96.69
130,1/19/2018,put,4,6809,96.69
131,2/5/2016,call,25,43,96.69
131,2/5/2016,put,10,20,96.69
131,2/19/2016,call,37,991,96.69
132,2/5/2016,put,12,12,96.69
132,2/19/2016,call,35,187,96.69
133,2/19/2016,call,146,146,96.69
134,2/19/2016,call,35,716,96.69
135,2/5/2016,call,100,121,96.69
135,2/19/2016,call,3,18290,96.69
135,2/19/2016,put,8,2125,96.69
135,3/18/2016,call,1,3709,96.69
135,3/18/2016,put,5,199,96.69
135,4/15/2016,call,3,9829,96.69
135,4/15/2016,put,1,1697,96.69
135,5/20/2016,call,2373,2599,96.69
135,5/20/2016,put,13,78,96.69
135,6/17/2016,call,48,11123,96.69
135,6/17/2016,put,1,2069,96.69
135,7/15/2016,call,27,2220,96.69
135,7/15/2016,put,20,434,96.69
135,10/21/2016,call,2,3647,96.69
135,10/21/2016,put,11,66,96.69
135,1/20/2017,call,12,32361,96.69
135,1/20/2017,put,13,11878,96.69
135,6/16/2017,call,1,84,96.69
135,1/19/2018,call,5,2752,96.69
135,1/19/2018,put,1,455,96.69
136,2/19/2016,call,2187,2192,96.69
140,2/5/2016,put,9,9,96.69
140,2/19/2016,call,10,8700,96.69
140,2/19/2016,put,160,1219,96.69
140,3/18/2016,call,104,2007,96.69
140,3/18/2016,put,8,206,96.69
140,4/15/2016,call,25,7382,96.69
140,4/15/2016,put,20,666,96.69
140,5/20/2016,call,1,17,96.69
140,5/20/2016,put,160,339,96.69
140,6/17/2016,call,21,31690,96.69
140,6/17/2016,put,2,2646,96.69
140,7/15/2016,call,7,3785,96.69
140,7/15/2016,put,4,232,96.69
140,10/21/2016,call,8,3399,96.69
140,10/21/2016,put,1,5,96.69
140,1/20/2017,call,23,91174,96.69
140,1/20/2017,put,10,27075,96.69
140,6/16/2017,call,1,11,96.69
140,1/19/2018,call,5,40176,96.69
140,1/19/2018,put,10,785,96.69
145,2/19/2016,call,100,6192,96.69
145,2/19/2016,put,7,149,96.69
145,3/18/2016,call,9,4121,96.69
145,3/18/2016,put,1,269,96.69
145,4/15/2016,call,100,4259,96.69
145,4/15/2016,put,10,188,96.69
145,5/20/2016,call,31,34,96.69
145,5/20/2016,put,20,178,96.69
145,6/17/2016,call,2,5954,96.69
145,6/17/2016,put,14,268,96.69
145,7/15/2016,call,6,1579,96.69
145,7/15/2016,put,30,85,96.69
145,10/21/2016,call,2,1132,96.69
145,1/20/2017,call,72,15458,96.69
145,1/20/2017,put,6,6777,96.69
145,6/16/2017,call,2,9,96.69
145,1/19/2018,call,3,1511,96.69
145,1/19/2018,put,1,1397,96.69
150,2/19/2016,call,125,7130,96.69
150,2/19/2016,put,24,308,96.69
150,3/18/2016,call,25,1048,96.69
150,3/18/2016,put,200,1297,96.69
150,4/15/2016,call,68,37205,96.69
150,4/15/2016,put,50,1240,96.69
150,6/17/2016,call,692,17439,96.69
150,6/17/2016,put,4,5659,96.69
150,7/15/2016,call,2,5919,96.69
150,7/15/2016,put,8,78,96.69
150,10/21/2016,call,10,2496,96.69
150,10/21/2016,put,1,151,96.69
150,1/20/2017,call,41,61507,96.69
150,1/20/2017,put,136,27330,96.69
150,1/19/2018,call,16,4962,96.69
150,1/19/2018,put,5,2656,96.69
155,2/19/2016,call,5,1890,96.69
155,2/19/2016,put,1,199,96.69
155,3/18/2016,call,1,403,96.69
155,3/18/2016,put,4,308,96.69
155,4/15/2016,call,196,2038,96.69
155,4/15/2016,put,285,279,96.69
155,6/17/2016,call,10,6102,96.69
155,6/17/2016,put,10,250,96.69
155,7/15/2016,call,2,465,96.69
155,7/15/2016,put,96,98,96.69
155,10/21/2016,call,1,376,96.69
155,1/20/2017,call,1,7705,96.69
155,1/20/2017,put,1,1196,96.69
155,1/19/2018,call,17,530,96.69
155,1/19/2018,put,24,71,96.69
160,2/19/2016,call,1,1104,96.69
160,2/19/2016,put,3,290,96.69
160,3/18/2016,call,150,775,96.69
160,3/18/2016,put,4,1053,96.69
160,4/15/2016,call,180,2707,96.69
160,4/15/2016,put,6,41,96.69
160,6/17/2016,call,10,4564,96.69
160,6/17/2016,put,1,268,96.69
160,7/15/2016,call,2,208,96.69
160,7/15/2016,put,10,147,96.69
160,10/21/2016,call,10,1324,96.69
160,1/20/2017,call,85,13212,96.69
160,1/20/2017,put,5,982,96.69
160,1/19/2018,call,50,1380,96.69
160,1/19/2018,put,12,84,96.69
165,2/19/2016,call,2,748,96.69
165,2/19/2016,put,12,135,96.69
165,3/18/2016,call,912,2629,96.69
165,3/18/2016,put,4,55,96.69
165,4/15/2016,call,140,1246,96.69
165,4/15/2016,put,10,192,96.69
165,6/17/2016,call,5,1426,96.69
165,6/17/2016,put,10,42,96.69
165,7/15/2016,call,6,139,96.69
165,7/15/2016,put,10,48,96.69
165,1/20/2017,call,48,8701,96.69
165,1/20/2017,put,70,1921,96.69
165,1/19/2018,call,4,1057,96.69
165,1/19/2018,put,17,214,96.69
170,3/18/2016,call,170,443,96.69
170,3/18/2016,put,9,39,96.69
170,4/15/2016,call,7,3518,96.69
170,4/15/2016,put,10,70,96.69
170,6/17/2016,call,2,1662,96.69
170,6/17/2016,put,12,37,96.69
170,7/15/2016,call,1231,2660,96.69
170,7/15/2016,put,19,35,96.69
170,1/20/2017,call,45,7309,96.69
170,1/20/2017,put,1,1558,96.69
170,1/19/2018,call,27,5241,96.69
170,1/19/2018,put,1,3022,96.69
175,3/18/2016,call,56,72,96.69
175,3/18/2016,put,324,625,96.69
175,4/15/2016,call,7,854,96.69
175,4/15/2016,put,11,215,96.69
175,6/17/2016,call,1,648,96.69
175,6/17/2016,put,100,130,96.69
175,7/15/2016,call,15,20,96.69
175,7/15/2016,put,93,93,96.69
175,1/20/2017,call,21,9709,96.69
175,1/20/2017,put,1,2688,96.69
175,1/19/2018,call,101,356,96.69
175,1/19/2018,put,18,68,96.69
180,4/15/2016,call,50,758,96.69
180,4/15/2016,put,479,585,96.69
180,6/17/2016,call,51,2216,96.69
180,6/17/2016,put,20,38,96.69
180,7/15/2016,call,1,55,96.69
180,7/15/2016,put,90,118,96.69
180,1/20/2017,call,10,6670,96.69
180,1/20/2017,put,224,1262,96.69
180,1/19/2018,call,14,2706,96.69
180,1/19/2018,put,5,1074,96.69
185,4/15/2016,call,1,7706,96.69
185,4/15/2016,put,397,665,96.69
185,6/17/2016,call,14,10317,96.69
185,6/17/2016,put,0,8,96.69
185,1/20/2017,call,340,4247,96.69
185,1/20/2017,put,340,2309,96.69
190,4/15/2016,call,1,69,96.69
190,4/15/2016,put,20,61,96.69
190,6/17/2016,call,1,1074,96.69
190,1/20/2017,call,195,8047,96.69
190,1/20/2017,put,121,5661,96.69
195,4/15/2016,call,60,3282,96.69
195,4/15/2016,put,2,38,96.69
195,6/17/2016,call,21,20155,96.69
195,6/17/2016,put,48,45,96.69
195,1/20/2017,call,3,25741,96.69
195,1/20/2017,put,2,11339,96.69
